date_key,full_date,year,month,day_of_month,day_of_week,day_name,week_of_month,month_name,semester,trimester,is_weekend
1,2026-05-15,2026,5,15,5,Friday,3,May,S1,T2,False
2,2026-05-16,2026,5,16,6,Saturday,3,May,S1,T2,True
3,2026-05-17,2026,5,17,7,Sunday,3,May,S1,T2,True
4,2026-05-18,2026,5,18,1,Monday,3,May,S1,T2,False
5,2026-05-19,2026,5,19,2,Tuesday,3,May,S1,T2,False
6,2026-05-20,2026,5,20,3,Wednesday,3,May,S1,T2,False
7,2026-05-21,2026,5,21,4,Thursday,3,May,S1,T2,False
8,2026-05-22,2026,5,22,5,Friday,4,May,S1,T2,False
9,2026-05-23,2026,5,23,6,Saturday,4,May,S1,T2,True
10,2026-05-24,2026,5,24,7,Sunday,4,May,S1,T2,True
11,2026-05-25,2026,5,25,1,Monday,4,May,S1,T2,False
12,2026-05-26,2026,5,26,2,Tuesday,4,May,S1,T2,False
13,2026-05-27,2026,5,27,3,Wednesday,4,May,S1,T2,False
14,2026-05-28,2026,5,28,4,Thursday,4,May,S1,T2,False
15,2026-05-29,2026,5,29,5,Friday,5,May,S1,T2,False
16,2026-05-30,2026,5,30,6,Saturday,5,May,S1,T2,True
17,2026-05-31,2026,5,31,7,Sunday,5,May,S1,T2,True
18,2026-06-01,2026,6,1,1,Monday,1,June,S1,T2,False
19,2026-06-02,2026,6,2,2,Tuesday,1,June,S1,T2,False
20,2026-06-03,2026,6,3,3,Wednesday,1,June,S1,T2,False
21,2026-06-04,2026,6,4,4,Thursday,1,June,S1,T2,False
22,2026-06-05,2026,6,5,5,Friday,1,June,S1,T2,False
23,2026-06-06,2026,6,6,6,Saturday,1,June,S1,T2,True
24,2026-06-07,2026,6,7,7,Sunday,1,June,S1,T2,True
25,2026-06-08,2026,6,8,1,Monday,2,June,S1,T2,False
26,2026-06-09,2026,6,9,2,Tuesday,2,June,S1,T2,False
27,2026-06-10,2026,6,10,3,Wednesday,2,June,S1,T2,False
28,2026-06-11,2026,6,11,4,Thursday,2,June,S1,T2,False
29,2026-06-12,2026,6,12,5,Friday,2,June,S1,T2,False
30,2026-06-13,2026,6,13,6,Saturday,2,June,S1,T2,True
31,2026-06-14,2026,6,14,7,Sunday,2,June,S1,T2,True
32,2026-06-15,2026,6,15,1,Monday,3,June,S1,T2,False
33,2026-06-16,2026,6,16,2,Tuesday,3,June,S1,T2,False
34,2026-06-17,2026,6,17,3,Wednesday,3,June,S1,T2,False
35,2026-06-18,2026,6,18,4,Thursday,3,June,S1,T2,False
36,2026-06-19,2026,6,19,5,Friday,3,June,S1,T2,False
37,2026-06-20,2026,6,20,6,Saturday,3,June,S1,T2,True
38,2026-06-21,2026,6,21,7,Sunday,3,June,S1,T2,True
39,2026-06-22,2026,6,22,1,Monday,4,June,S1,T2,False
40,2026-06-23,2026,6,23,2,Tuesday,4,June,S1,T2,False
41,2026-06-24,2026,6,24,3,Wednesday,4,June,S1,T2,False
42,2026-06-25,2026,6,25,4,Thursday,4,June,S1,T2,False
43,2026-06-26,2026,6,26,5,Friday,4,June,S1,T2,False
44,2026-06-27,2026,6,27,6,Saturday,4,June,S1,T2,True
45,2026-06-28,2026,6,28,7,Sunday,4,June,S1,T2,True
46,2026-06-29,2026,6,29,1,Monday,5,June,S1,T2,False
47,2026-06-30,2026,6,30,2,Tuesday,5,June,S1,T2,False
48,2026-07-01,2026,7,1,3,Wednesday,1,July,S2,T2,False
49,2026-07-02,2026,7,2,4,Thursday,1,July,S2,T2,False
50,2026-07-03,2026,7,3,5,Friday,1,July,S2,T2,False
51,2026-07-04,2026,7,4,6,Saturday,1,July,S2,T2,True
52,2026-07-05,2026,7,5,7,Sunday,1,July,S2,T2,True
53,2026-07-06,2026,7,6,1,Monday,1,July,S2,T2,False
54,2026-07-07,2026,7,7,2,Tuesday,1,July,S2,T2,False
55,2026-07-08,2026,7,8,3,Wednesday,2,July,S2,T2,False
56,2026-07-09,2026,7,9,4,Thursday,2,July,S2,T2,False
57,2026-07-10,2026,7,10,5,Friday,2,July,S2,T2,False
58,2026-07-11,2026,7,11,6,Saturday,2,July,S2,T2,True
59,2026-07-12,2026,7,12,7,Sunday,2,July,S2,T2,True
60,2026-07-13,2026,7,13,1,Monday,2,July,S2,T2,False
61,2026-07-14,2026,7,14,2,Tuesday,2,July,S2,T2,False
62,2026-07-15,2026,7,15,3,Wednesday,3,July,S2,T2,False
63,2026-07-16,2026,7,16,4,Thursday,3,July,S2,T2,False
64,2026-07-17,2026,7,17,5,Friday,3,July,S2,T2,False
65,2026-07-18,2026,7,18,6,Saturday,3,July,S2,T2,True
66,2026-07-19,2026,7,19,7,Sunday,3,July,S2,T2,True
67,2026-07-20,2026,7,20,1,Monday,3,July,S2,T2,False
68,2026-07-21,2026,7,21,2,Tuesday,3,July,S2,T2,False
69,2026-07-22,2026,7,22,3,Wednesday,4,July,S2,T2,False
70,2026-07-23,2026,7,23,4,Thursday,4,July,S2,T2,False
71,2026-07-24,2026,7,24,5,Friday,4,July,S2,T2,False
72,2026-07-25,2026,7,25,6,Saturday,4,July,S2,T2,True
73,2026-07-26,2026,7,26,7,Sunday,4,July,S2,T2,True
74,2026-07-27,2026,7,27,1,Monday,4,July,S2,T2,False
75,2026-07-28,2026,7,28,2,Tuesday,4,July,S2,T2,False
76,2026-07-29,2026,7,29,3,Wednesday,5,July,S2,T2,False
77,2026-07-30,2026,7,30,4,Thursday,5,July,S2,T2,False
78,2026-07-31,2026,7,31,5,Friday,5,July,S2,T2,False
79,2026-08-01,2026,8,1,6,Saturday,1,August,S2,T2,True
80,2026-08-02,2026,8,2,7,Sunday,1,August,S2,T2,True
81,2026-08-03,2026,8,3,1,Monday,1,August,S2,T2,False
82,2026-08-04,2026,8,4,2,Tuesday,1,August,S2,T2,False
83,2026-08-05,2026,8,5,3,Wednesday,1,August,S2,T2,False
84,2026-08-06,2026,8,6,4,Thursday,1,August,S2,T2,False
85,2026-08-07,2026,8,7,5,Friday,1,August,S2,T2,False
86,2026-08-08,2026,8,8,6,Saturday,2,August,S2,T2,True
87,2026-08-09,2026,8,9,7,Sunday,2,August,S2,T2,True
88,2026-08-10,2026,8,10,1,Monday,2,August,S2,T2,False
89,2026-08-11,2026,8,11,2,Tuesday,2,August,S2,T2,False
90,2026-08-12,2026,8,12,3,Wednesday,2,August,S2,T2,False
91,2026-08-13,2026,8,13,4,Thursday,2,August,S2,T2,False
92,2026-08-14,2026,8,14,5,Friday,2,August,S2,T2,False
93,2026-08-15,2026,8,15,6,Saturday,3,August,S2,T2,True
94,2026-08-16,2026,8,16,7,Sunday,3,August,S2,T2,True
95,2026-08-17,2026,8,17,1,Monday,3,August,S2,T2,False
96,2026-08-18,2026,8,18,2,Tuesday,3,August,S2,T2,False
97,2026-08-19,2026,8,19,3,Wednesday,3,August,S2,T2,False
98,2026-08-20,2026,8,20,4,Thursday,3,August,S2,T2,False
99,2026-08-21,2026,8,21,5,Friday,3,August,S2,T2,False
100,2026-08-22,2026,8,22,6,Saturday,4,August,S2,T2,True
101,2026-08-23,2026,8,23,7,Sunday,4,August,S2,T2,True
102,2026-08-24,2026,8,24,1,Monday,4,August,S2,T2,False
103,2026-08-25,2026,8,25,2,Tuesday,4,August,S2,T2,False
104,2026-08-26,2026,8,26,3,Wednesday,4,August,S2,T2,False
105,2026-08-27,2026,8,27,4,Thursday,4,August,S2,T2,False
106,2026-08-28,2026,8,28,5,Friday,4,August,S2,T2,False
107,2026-08-29,2026,8,29,6,Saturday,5,August,S2,T2,True
108,2026-08-30,2026,8,30,7,Sunday,5,August,S2,T2,True
109,2026-08-31,2026,8,31,1,Monday,5,August,S2,T2,False
110,2026-09-01,2026,9,1,2,Tuesday,1,September,S2,T3,False
111,2026-09-02,2026,9,2,3,Wednesday,1,September,S2,T3,False
112,2026-09-03,2026,9,3,4,Thursday,1,September,S2,T3,False
113,2026-09-04,2026,9,4,5,Friday,1,September,S2,T3,False
114,2026-09-05,2026,9,5,6,Saturday,1,September,S2,T3,True
115,2026-09-06,2026,9,6,7,Sunday,1,September,S2,T3,True
116,2026-09-07,2026,9,7,1,Monday,1,September,S2,T3,False
117,2026-09-08,2026,9,8,2,Tuesday,2,September,S2,T3,False
118,2026-09-09,2026,9,9,3,Wednesday,2,September,S2,T3,False
119,2026-09-10,2026,9,10,4,Thursday,2,September,S2,T3,False
120,2026-09-11,2026,9,11,5,Friday,2,September,S2,T3,False
121,2026-09-12,2026,9,12,6,Saturday,2,September,S2,T3,True
122,2026-09-13,2026,9,13,7,Sunday,2,September,S2,T3,True
123,2026-09-14,2026,9,14,1,Monday,2,September,S2,T3,False
124,2026-09-15,2026,9,15,2,Tuesday,3,September,S2,T3,False
125,2026-09-16,2026,9,16,3,Wednesday,3,September,S2,T3,False
126,2026-09-17,2026,9,17,4,Thursday,3,September,S2,T3,False
127,2026-09-18,2026,9,18,5,Friday,3,September,S2,T3,False
128,2026-09-19,2026,9,19,6,Saturday,3,September,S2,T3,True
129,2026-09-20,2026,9,20,7,Sunday,3,September,S2,T3,True
130,2026-09-21,2026,9,21,1,Monday,3,September,S2,T3,False
131,2026-09-22,2026,9,22,2,Tuesday,4,September,S2,T3,False
132,2026-09-23,2026,9,23,3,Wednesday,4,September,S2,T3,False
133,2026-09-24,2026,9,24,4,Thursday,4,September,S2,T3,False
134,2026-09-25,2026,9,25,5,Friday,4,September,S2,T3,False
135,2026-09-26,2026,9,26,6,Saturday,4,September,S2,T3,True
136,2026-09-27,2026,9,27,7,Sunday,4,September,S2,T3,True
137,2026-09-28,2026,9,28,1,Monday,4,September,S2,T3,False
138,2026-09-29,2026,9,29,2,Tuesday,5,September,S2,T3,False
139,2026-09-30,2026,9,30,3,Wednesday,5,September,S2,T3,False
140,2026-10-01,2026,10,1,4,Thursday,1,October,S2,T3,False
141,2026-10-02,2026,10,2,5,Friday,1,October,S2,T3,False
142,2026-10-03,2026,10,3,6,Saturday,1,October,S2,T3,True
143,2026-10-04,2026,10,4,7,Sunday,1,October,S2,T3,True
144,2026-10-05,2026,10,5,1,Monday,1,October,S2,T3,False
145,2026-10-06,2026,10,6,2,Tuesday,1,October,S2,T3,False
146,2026-10-07,2026,10,7,3,Wednesday,1,October,S2,T3,False
147,2026-10-08,2026,10,8,4,Thursday,2,October,S2,T3,False
148,2026-10-09,2026,10,9,5,Friday,2,October,S2,T3,False
149,2026-10-10,2026,10,10,6,Saturday,2,October,S2,T3,True
150,2026-10-11,2026,10,11,7,Sunday,2,October,S2,T3,True
151,2026-10-12,2026,10,12,1,Monday,2,October,S2,T3,False
152,2026-10-13,2026,10,13,2,Tuesday,2,October,S2,T3,False
153,2026-10-14,2026,10,14,3,Wednesday,2,October,S2,T3,False
154,2026-10-15,2026,10,15,4,Thursday,3,October,S2,T3,False
155,2026-10-16,2026,10,16,5,Friday,3,October,S2,T3,False
156,2026-10-17,2026,10,17,6,Saturday,3,October,S2,T3,True
157,2026-10-18,2026,10,18,7,Sunday,3,October,S2,T3,True
158,2026-10-19,2026,10,19,1,Monday,3,October,S2,T3,False
159,2026-10-20,2026,10,20,2,Tuesday,3,October,S2,T3,False
160,2026-10-21,2026,10,21,3,Wednesday,3,October,S2,T3,False
161,2026-10-22,2026,10,22,4,Thursday,4,October,S2,T3,False
162,2026-10-23,2026,10,23,5,Friday,4,October,S2,T3,False
163,2026-10-24,2026,10,24,6,Saturday,4,October,S2,T3,True
164,2026-10-25,2026,10,25,7,Sunday,4,October,S2,T3,True
165,2026-10-26,2026,10,26,1,Monday,4,October,S2,T3,False
166,2026-10-27,2026,10,27,2,Tuesday,4,October,S2,T3,False
167,2026-10-28,2026,10,28,3,Wednesday,4,October,S2,T3,False
168,2026-10-29,2026,10,29,4,Thursday,5,October,S2,T3,False
169,2026-10-30,2026,10,30,5,Friday,5,October,S2,T3,False
170,2026-10-31,2026,10,31,6,Saturday,5,October,S2,T3,True
171,2026-11-01,2026,11,1,7,Sunday,1,November,S2,T3,True
172,2026-11-02,2026,11,2,1,Monday,1,November,S2,T3,False
173,2026-11-03,2026,11,3,2,Tuesday,1,November,S2,T3,False
174,2026-11-04,2026,11,4,3,Wednesday,1,November,S2,T3,False
175,2026-11-05,2026,11,5,4,Thursday,1,November,S2,T3,False
176,2026-11-06,2026,11,6,5,Friday,1,November,S2,T3,False
177,2026-11-07,2026,11,7,6,Saturday,1,November,S2,T3,True
178,2026-11-08,2026,11,8,7,Sunday,2,November,S2,T3,True
179,2026-11-09,2026,11,9,1,Monday,2,November,S2,T3,False
180,2026-11-10,2026,11,10,2,Tuesday,2,November,S2,T3,False
181,2026-11-11,2026,11,11,3,Wednesday,2,November,S2,T3,False
182,2026-11-12,2026,11,12,4,Thursday,2,November,S2,T3,False
183,2026-11-13,2026,11,13,5,Friday,2,November,S2,T3,False
184,2026-11-14,2026,11,14,6,Saturday,2,November,S2,T3,True
185,2026-11-15,2026,11,15,7,Sunday,3,November,S2,T3,True
186,2026-11-16,2026,11,16,1,Monday,3,November,S2,T3,False
187,2026-11-17,2026,11,17,2,Tuesday,3,November,S2,T3,False
188,2026-11-18,2026,11,18,3,Wednesday,3,November,S2,T3,False
189,2026-11-19,2026,11,19,4,Thursday,3,November,S2,T3,False
190,2026-11-20,2026,11,20,5,Friday,3,November,S2,T3,False
191,2026-11-21,2026,11,21,6,Saturday,3,November,S2,T3,True
192,2026-11-22,2026,11,22,7,Sunday,4,November,S2,T3,True
193,2026-11-23,2026,11,23,1,Monday,4,November,S2,T3,False
194,2026-11-24,2026,11,24,2,Tuesday,4,November,S2,T3,False
195,2026-11-25,2026,11,25,3,Wednesday,4,November,S2,T3,False
196,2026-11-26,2026,11,26,4,Thursday,4,November,S2,T3,False
197,2026-11-27,2026,11,27,5,Friday,4,November,S2,T3,False
198,2026-11-28,2026,11,28,6,Saturday,4,November,S2,T3,True
199,2026-11-29,2026,11,29,7,Sunday,5,November,S2,T3,True
200,2026-11-30,2026,11,30,1,Monday,5,November,S2,T3,False
201,2026-12-01,2026,12,1,2,Tuesday,1,December,S2,T3,False
202,2026-12-02,2026,12,2,3,Wednesday,1,December,S2,T3,False
203,2026-12-03,2026,12,3,4,Thursday,1,December,S2,T3,False
204,2026-12-04,2026,12,4,5,Friday,1,December,S2,T3,False
205,2026-12-05,2026,12,5,6,Saturday,1,December,S2,T3,True
206,2026-12-06,2026,12,6,7,Sunday,1,December,S2,T3,True
207,2026-12-07,2026,12,7,1,Monday,1,December,S2,T3,False
208,2026-12-08,2026,12,8,2,Tuesday,2,December,S2,T3,False
209,2026-12-09,2026,12,9,3,Wednesday,2,December,S2,T3,False
210,2026-12-10,2026,12,10,4,Thursday,2,December,S2,T3,False
211,2026-12-11,2026,12,11,5,Friday,2,December,S2,T3,False
212,2026-12-12,2026,12,12,6,Saturday,2,December,S2,T3,True
213,2026-12-13,2026,12,13,7,Sunday,2,December,S2,T3,True
214,2026-12-14,2026,12,14,1,Monday,2,December,S2,T3,False
215,2026-12-15,2026,12,15,2,Tuesday,3,December,S2,T3,False
216,2026-12-16,2026,12,16,3,Wednesday,3,December,S2,T3,False
217,2026-12-17,2026,12,17,4,Thursday,3,December,S2,T3,False
218,2026-12-18,2026,12,18,5,Friday,3,December,S2,T3,False
219,2026-12-19,2026,12,19,6,Saturday,3,December,S2,T3,True
220,2026-12-20,2026,12,20,7,Sunday,3,December,S2,T3,True
221,2026-12-21,2026,12,21,1,Monday,3,December,S2,T3,False
222,2026-12-22,2026,12,22,2,Tuesday,4,December,S2,T3,False
223,2026-12-23,2026,12,23,3,Wednesday,4,December,S2,T3,False
224,2026-12-24,2026,12,24,4,Thursday,4,December,S2,T3,False
225,2026-12-25,2026,12,25,5,Friday,4,December,S2,T3,False
226,2026-12-26,2026,12,26,6,Saturday,4,December,S2,T3,True
227,2026-12-27,2026,12,27,7,Sunday,4,December,S2,T3,True
228,2026-12-28,2026,12,28,1,Monday,4,December,S2,T3,False
229,2026-12-29,2026,12,29,2,Tuesday,5,December,S2,T3,False
230,2026-12-30,2026,12,30,3,Wednesday,5,December,S2,T3,False
231,2026-12-31,2026,12,31,4,Thursday,5,December,S2,T3,False
232,2027-01-01,2027,1,1,5,Friday,1,January,S1,T1,False
233,2027-01-02,2027,1,2,6,Saturday,1,January,S1,T1,True
234,2027-01-03,2027,1,3,7,Sunday,1,January,S1,T1,True
235,2027-01-04,2027,1,4,1,Monday,1,January,S1,T1,False
236,2027-01-05,2027,1,5,2,Tuesday,1,January,S1,T1,False
237,2027-01-06,2027,1,6,3,Wednesday,1,January,S1,T1,False
238,2027-01-07,2027,1,7,4,Thursday,1,January,S1,T1,False
239,2027-01-08,2027,1,8,5,Friday,2,January,S1,T1,False
240,2027-01-09,2027,1,9,6,Saturday,2,January,S1,T1,True
241,2027-01-10,2027,1,10,7,Sunday,2,January,S1,T1,True
242,2027-01-11,2027,1,11,1,Monday,2,January,S1,T1,False
243,2027-01-12,2027,1,12,2,Tuesday,2,January,S1,T1,False
244,2027-01-13,2027,1,13,3,Wednesday,2,January,S1,T1,False
245,2027-01-14,2027,1,14,4,Thursday,2,January,S1,T1,False
246,2027-01-15,2027,1,15,5,Friday,3,January,S1,T1,False
247,2027-01-16,2027,1,16,6,Saturday,3,January,S1,T1,True
248,2027-01-17,2027,1,17,7,Sunday,3,January,S1,T1,True
249,2027-01-18,2027,1,18,1,Monday,3,January,S1,T1,False
250,2027-01-19,2027,1,19,2,Tuesday,3,January,S1,T1,False
251,2027-01-20,2027,1,20,3,Wednesday,3,January,S1,T1,False
252,2027-01-21,2027,1,21,4,Thursday,3,January,S1,T1,False
253,2027-01-22,2027,1,22,5,Friday,4,January,S1,T1,False
254,2027-01-23,2027,1,23,6,Saturday,4,January,S1,T1,True
255,2027-01-24,2027,1,24,7,Sunday,4,January,S1,T1,True
256,2027-01-25,2027,1,25,1,Monday,4,January,S1,T1,False
257,2027-01-26,2027,1,26,2,Tuesday,4,January,S1,T1,False
258,2027-01-27,2027,1,27,3,Wednesday,4,January,S1,T1,False
259,2027-01-28,2027,1,28,4,Thursday,4,January,S1,T1,False
260,2027-01-29,2027,1,29,5,Friday,5,January,S1,T1,False
261,2027-01-30,2027,1,30,6,Saturday,5,January,S1,T1,True
262,2027-01-31,2027,1,31,7,Sunday,5,January,S1,T1,True
263,2027-02-01,2027,2,1,1,Monday,1,February,S1,T1,False
264,2027-02-02,2027,2,2,2,Tuesday,1,February,S1,T1,False
265,2027-02-03,2027,2,3,3,Wednesday,1,February,S1,T1,False
266,2027-02-04,2027,2,4,4,Thursday,1,February,S1,T1,False
267,2027-02-05,2027,2,5,5,Friday,1,February,S1,T1,False
268,2027-02-06,2027,2,6,6,Saturday,1,February,S1,T1,True
269,2027-02-07,2027,2,7,7,Sunday,1,February,S1,T1,True
270,2027-02-08,2027,2,8,1,Monday,2,February,S1,T1,False
271,2027-02-09,2027,2,9,2,Tuesday,2,February,S1,T1,False
272,2027-02-10,2027,2,10,3,Wednesday,2,February,S1,T1,False
273,2027-02-11,2027,2,11,4,Thursday,2,February,S1,T1,False
274,2027-02-12,2027,2,12,5,Friday,2,February,S1,T1,False
275,2027-02-13,2027,2,13,6,Saturday,2,February,S1,T1,True
276,2027-02-14,2027,2,14,7,Sunday,2,February,S1,T1,True
277,2027-02-15,2027,2,15,1,Monday,3,February,S1,T1,False
278,2027-02-16,2027,2,16,2,Tuesday,3,February,S1,T1,False
279,2027-02-17,2027,2,17,3,Wednesday,3,February,S1,T1,False
280,2027-02-18,2027,2,18,4,Thursday,3,February,S1,T1,False
281,2027-02-19,2027,2,19,5,Friday,3,February,S1,T1,False
282,2027-02-20,2027,2,20,6,Saturday,3,February,S1,T1,True
283,2027-02-21,2027,2,21,7,Sunday,3,February,S1,T1,True
284,2027-02-22,2027,2,22,1,Monday,4,February,S1,T1,False
285,2027-02-23,2027,2,23,2,Tuesday,4,February,S1,T1,False
286,2027-02-24,2027,2,24,3,Wednesday,4,February,S1,T1,False
287,2027-02-25,2027,2,25,4,Thursday,4,February,S1,T1,False
288,2027-02-26,2027,2,26,5,Friday,4,February,S1,T1,False
289,2027-02-27,2027,2,27,6,Saturday,4,February,S1,T1,True
290,2027-02-28,2027,2,28,7,Sunday,4,February,S1,T1,True
291,2027-03-01,2027,3,1,1,Monday,1,March,S1,T1,False
292,2027-03-02,2027,3,2,2,Tuesday,1,March,S1,T1,False
293,2027-03-03,2027,3,3,3,Wednesday,1,March,S1,T1,False
294,2027-03-04,2027,3,4,4,Thursday,1,March,S1,T1,False
295,2027-03-05,2027,3,5,5,Friday,1,March,S1,T1,False
296,2027-03-06,2027,3,6,6,Saturday,1,March,S1,T1,True
297,2027-03-07,2027,3,7,7,Sunday,1,March,S1,T1,True
298,2027-03-08,2027,3,8,1,Monday,2,March,S1,T1,False
299,2027-03-09,2027,3,9,2,Tuesday,2,March,S1,T1,False
300,2027-03-10,2027,3,10,3,Wednesday,2,March,S1,T1,False
301,2027-03-11,2027,3,11,4,Thursday,2,March,S1,T1,False
302,2027-03-12,2027,3,12,5,Friday,2,March,S1,T1,False
303,2027-03-13,2027,3,13,6,Saturday,2,March,S1,T1,True
304,2027-03-14,2027,3,14,7,Sunday,2,March,S1,T1,True
305,2027-03-15,2027,3,15,1,Monday,3,March,S1,T1,False
306,2027-03-16,2027,3,16,2,Tuesday,3,March,S1,T1,False
307,2027-03-17,2027,3,17,3,Wednesday,3,March,S1,T1,False
308,2027-03-18,2027,3,18,4,Thursday,3,March,S1,T1,False
309,2027-03-19,2027,3,19,5,Friday,3,March,S1,T1,False
310,2027-03-20,2027,3,20,6,Saturday,3,March,S1,T1,True
311,2027-03-21,2027,3,21,7,Sunday,3,March,S1,T1,True
312,2027-03-22,2027,3,22,1,Monday,4,March,S1,T1,False
313,2027-03-23,2027,3,23,2,Tuesday,4,March,S1,T1,False
314,2027-03-24,2027,3,24,3,Wednesday,4,March,S1,T1,False
315,2027-03-25,2027,3,25,4,Thursday,4,March,S1,T1,False
316,2027-03-26,2027,3,26,5,Friday,4,March,S1,T1,False
317,2027-03-27,2027,3,27,6,Saturday,4,March,S1,T1,True
318,2027-03-28,2027,3,28,7,Sunday,4,March,S1,T1,True
319,2027-03-29,2027,3,29,1,Monday,5,March,S1,T1,False
320,2027-03-30,2027,3,30,2,Tuesday,5,March,S1,T1,False
321,2027-03-31,2027,3,31,3,Wednesday,5,March,S1,T1,False
322,2027-04-01,2027,4,1,4,Thursday,1,April,S1,T1,False
323,2027-04-02,2027,4,2,5,Friday,1,April,S1,T1,False
324,2027-04-03,2027,4,3,6,Saturday,1,April,S1,T1,True
325,2027-04-04,2027,4,4,7,Sunday,1,April,S1,T1,True
326,2027-04-05,2027,4,5,1,Monday,1,April,S1,T1,False
327,2027-04-06,2027,4,6,2,Tuesday,1,April,S1,T1,False
328,2027-04-07,2027,4,7,3,Wednesday,1,April,S1,T1,False
329,2027-04-08,2027,4,8,4,Thursday,2,April,S1,T1,False
330,2027-04-09,2027,4,9,5,Friday,2,April,S1,T1,False
331,2027-04-10,2027,4,10,6,Saturday,2,April,S1,T1,True
332,2027-04-11,2027,4,11,7,Sunday,2,April,S1,T1,True
333,2027-04-12,2027,4,12,1,Monday,2,April,S1,T1,False
334,2027-04-13,2027,4,13,2,Tuesday,2,April,S1,T1,False
335,2027-04-14,2027,4,14,3,Wednesday,2,April,S1,T1,False
336,2027-04-15,2027,4,15,4,Thursday,3,April,S1,T1,False
337,2027-04-16,2027,4,16,5,Friday,3,April,S1,T1,False
338,2027-04-17,2027,4,17,6,Saturday,3,April,S1,T1,True
339,2027-04-18,2027,4,18,7,Sunday,3,April,S1,T1,True
340,2027-04-19,2027,4,19,1,Monday,3,April,S1,T1,False
341,2027-04-20,2027,4,20,2,Tuesday,3,April,S1,T1,False
342,2027-04-21,2027,4,21,3,Wednesday,3,April,S1,T1,False
343,2027-04-22,2027,4,22,4,Thursday,4,April,S1,T1,False
344,2027-04-23,2027,4,23,5,Friday,4,April,S1,T1,False
345,2027-04-24,2027,4,24,6,Saturday,4,April,S1,T1,True
346,2027-04-25,2027,4,25,7,Sunday,4,April,S1,T1,True
347,2027-04-26,2027,4,26,1,Monday,4,April,S1,T1,False
348,2027-04-27,2027,4,27,2,Tuesday,4,April,S1,T1,False
349,2027-04-28,2027,4,28,3,Wednesday,4,April,S1,T1,False
350,2027-04-29,2027,4,29,4,Thursday,5,April,S1,T1,False
351,2027-04-30,2027,4,30,5,Friday,5,April,S1,T1,False
352,2027-05-01,2027,5,1,6,Saturday,1,May,S1,T2,True
353,2027-05-02,2027,5,2,7,Sunday,1,May,S1,T2,True
354,2027-05-03,2027,5,3,1,Monday,1,May,S1,T2,False
355,2027-05-04,2027,5,4,2,Tuesday,1,May,S1,T2,False
356,2027-05-05,2027,5,5,3,Wednesday,1,May,S1,T2,False
357,2027-05-06,2027,5,6,4,Thursday,1,May,S1,T2,False
358,2027-05-07,2027,5,7,5,Friday,1,May,S1,T2,False
359,2027-05-08,2027,5,8,6,Saturday,2,May,S1,T2,True
360,2027-05-09,2027,5,9,7,Sunday,2,May,S1,T2,True
361,2027-05-10,2027,5,10,1,Monday,2,May,S1,T2,False
362,2027-05-11,2027,5,11,2,Tuesday,2,May,S1,T2,False
363,2027-05-12,2027,5,12,3,Wednesday,2,May,S1,T2,False
364,2027-05-13,2027,5,13,4,Thursday,2,May,S1,T2,False
365,2027-05-14,2027,5,14,5,Friday,2,May,S1,T2,False
366,2027-05-15,2027,5,15,6,Saturday,3,May,S1,T2,True
367,2027-05-16,2027,5,16,7,Sunday,3,May,S1,T2,True
368,2027-05-17,2027,5,17,1,Monday,3,May,S1,T2,False
369,2027-05-18,2027,5,18,2,Tuesday,3,May,S1,T2,False
370,2027-05-19,2027,5,19,3,Wednesday,3,May,S1,T2,False
371,2027-05-20,2027,5,20,4,Thursday,3,May,S1,T2,False
372,2027-05-21,2027,5,21,5,Friday,3,May,S1,T2,False
373,2027-05-22,2027,5,22,6,Saturday,4,May,S1,T2,True
374,2027-05-23,2027,5,23,7,Sunday,4,May,S1,T2,True
375,2027-05-24,2027,5,24,1,Monday,4,May,S1,T2,False
376,2027-05-25,2027,5,25,2,Tuesday,4,May,S1,T2,False
377,2027-05-26,2027,5,26,3,Wednesday,4,May,S1,T2,False
378,2027-05-27,2027,5,27,4,Thursday,4,May,S1,T2,False
379,2027-05-28,2027,5,28,5,Friday,4,May,S1,T2,False
380,2027-05-29,2027,5,29,6,Saturday,5,May,S1,T2,True
381,2027-05-30,2027,5,30,7,Sunday,5,May,S1,T2,True
382,2027-05-31,2027,5,31,1,Monday,5,May,S1,T2,False
383,2027-06-01,2027,6,1,2,Tuesday,1,June,S1,T2,False
384,2027-06-02,2027,6,2,3,Wednesday,1,June,S1,T2,False
385,2027-06-03,2027,6,3,4,Thursday,1,June,S1,T2,False
386,2027-06-04,2027,6,4,5,Friday,1,June,S1,T2,False
387,2027-06-05,2027,6,5,6,Saturday,1,June,S1,T2,True
388,2027-06-06,2027,6,6,7,Sunday,1,June,S1,T2,True
389,2027-06-07,2027,6,7,1,Monday,1,June,S1,T2,False
390,2027-06-08,2027,6,8,2,Tuesday,2,June,S1,T2,False
391,2027-06-09,2027,6,9,3,Wednesday,2,June,S1,T2,False
392,2027-06-10,2027,6,10,4,Thursday,2,June,S1,T2,False
393,2027-06-11,2027,6,11,5,Friday,2,June,S1,T2,False
394,2027-06-12,2027,6,12,6,Saturday,2,June,S1,T2,True
395,2027-06-13,2027,6,13,7,Sunday,2,June,S1,T2,True
396,2027-06-14,2027,6,14,1,Monday,2,June,S1,T2,False
397,2027-06-15,2027,6,15,2,Tuesday,3,June,S1,T2,False
398,2027-06-16,2027,6,16,3,Wednesday,3,June,S1,T2,False
399,2027-06-17,2027,6,17,4,Thursday,3,June,S1,T2,False
400,2027-06-18,2027,6,18,5,Friday,3,June,S1,T2,False
401,2027-06-19,2027,6,19,6,Saturday,3,June,S1,T2,True
402,2027-06-20,2027,6,20,7,Sunday,3,June,S1,T2,True
403,2027-06-21,2027,6,21,1,Monday,3,June,S1,T2,False
404,2027-06-22,2027,6,22,2,Tuesday,4,June,S1,T2,False
405,2027-06-23,2027,6,23,3,Wednesday,4,June,S1,T2,False
406,2027-06-24,2027,6,24,4,Thursday,4,June,S1,T2,False
407,2027-06-25,2027,6,25,5,Friday,4,June,S1,T2,False
408,2027-06-26,2027,6,26,6,Saturday,4,June,S1,T2,True
409,2027-06-27,2027,6,27,7,Sunday,4,June,S1,T2,True
410,2027-06-28,2027,6,28,1,Monday,4,June,S1,T2,False
411,2027-06-29,2027,6,29,2,Tuesday,5,June,S1,T2,False
412,2027-06-30,2027,6,30,3,Wednesday,5,June,S1,T2,False
413,2027-07-01,2027,7,1,4,Thursday,1,July,S2,T2,False
414,2027-07-02,2027,7,2,5,Friday,1,July,S2,T2,False
415,2027-07-03,2027,7,3,6,Saturday,1,July,S2,T2,True
416,2027-07-04,2027,7,4,7,Sunday,1,July,S2,T2,True
417,2027-07-05,2027,7,5,1,Monday,1,July,S2,T2,False
418,2027-07-06,2027,7,6,2,Tuesday,1,July,S2,T2,False
419,2027-07-07,2027,7,7,3,Wednesday,1,July,S2,T2,False
420,2027-07-08,2027,7,8,4,Thursday,2,July,S2,T2,False
421,2027-07-09,2027,7,9,5,Friday,2,July,S2,T2,False
422,2027-07-10,2027,7,10,6,Saturday,2,July,S2,T2,True
423,2027-07-11,2027,7,11,7,Sunday,2,July,S2,T2,True
424,2027-07-12,2027,7,12,1,Monday,2,July,S2,T2,False
425,2027-07-13,2027,7,13,2,Tuesday,2,July,S2,T2,False
426,2027-07-14,2027,7,14,3,Wednesday,2,July,S2,T2,False
427,2027-07-15,2027,7,15,4,Thursday,3,July,S2,T2,False
428,2027-07-16,2027,7,16,5,Friday,3,July,S2,T2,False
429,2027-07-17,2027,7,17,6,Saturday,3,July,S2,T2,True
430,2027-07-18,2027,7,18,7,Sunday,3,July,S2,T2,True
431,2027-07-19,2027,7,19,1,Monday,3,July,S2,T2,False
432,2027-07-20,2027,7,20,2,Tuesday,3,July,S2,T2,False
433,2027-07-21,2027,7,21,3,Wednesday,3,July,S2,T2,False
434,2027-07-22,2027,7,22,4,Thursday,4,July,S2,T2,False
435,2027-07-23,2027,7,23,5,Friday,4,July,S2,T2,False
436,2027-07-24,2027,7,24,6,Saturday,4,July,S2,T2,True
437,2027-07-25,2027,7,25,7,Sunday,4,July,S2,T2,True
438,2027-07-26,2027,7,26,1,Monday,4,July,S2,T2,False
439,2027-07-27,2027,7,27,2,Tuesday,4,July,S2,T2,False
440,2027-07-28,2027,7,28,3,Wednesday,4,July,S2,T2,False
441,2027-07-29,2027,7,29,4,Thursday,5,July,S2,T2,False
442,2027-07-30,2027,7,30,5,Friday,5,July,S2,T2,False
443,2027-07-31,2027,7,31,6,Saturday,5,July,S2,T2,True
444,2027-08-01,2027,8,1,7,Sunday,1,August,S2,T2,True
445,2027-08-02,2027,8,2,1,Monday,1,August,S2,T2,False
446,2027-08-03,2027,8,3,2,Tuesday,1,August,S2,T2,False
447,2027-08-04,2027,8,4,3,Wednesday,1,August,S2,T2,False
448,2027-08-05,2027,8,5,4,Thursday,1,August,S2,T2,False
449,2027-08-06,2027,8,6,5,Friday,1,August,S2,T2,False
450,2027-08-07,2027,8,7,6,Saturday,1,August,S2,T2,True
451,2027-08-08,2027,8,8,7,Sunday,2,August,S2,T2,True
452,2027-08-09,2027,8,9,1,Monday,2,August,S2,T2,False
453,2027-08-10,2027,8,10,2,Tuesday,2,August,S2,T2,False
454,2027-08-11,2027,8,11,3,Wednesday,2,August,S2,T2,False
455,2027-08-12,2027,8,12,4,Thursday,2,August,S2,T2,False
456,2027-08-13,2027,8,13,5,Friday,2,August,S2,T2,False
457,2027-08-14,2027,8,14,6,Saturday,2,August,S2,T2,True
458,2027-08-15,2027,8,15,7,Sunday,3,August,S2,T2,True
459,2027-08-16,2027,8,16,1,Monday,3,August,S2,T2,False
460,2027-08-17,2027,8,17,2,Tuesday,3,August,S2,T2,False
461,2027-08-18,2027,8,18,3,Wednesday,3,August,S2,T2,False
462,2027-08-19,2027,8,19,4,Thursday,3,August,S2,T2,False
463,2027-08-20,2027,8,20,5,Friday,3,August,S2,T2,False
464,2027-08-21,2027,8,21,6,Saturday,3,August,S2,T2,True
465,2027-08-22,2027,8,22,7,Sunday,4,August,S2,T2,True
466,2027-08-23,2027,8,23,1,Monday,4,August,S2,T2,False
467,2027-08-24,2027,8,24,2,Tuesday,4,August,S2,T2,False
468,2027-08-25,2027,8,25,3,Wednesday,4,August,S2,T2,False
469,2027-08-26,2027,8,26,4,Thursday,4,August,S2,T2,False
470,2027-08-27,2027,8,27,5,Friday,4,August,S2,T2,False
471,2027-08-28,2027,8,28,6,Saturday,4,August,S2,T2,True
472,2027-08-29,2027,8,29,7,Sunday,5,August,S2,T2,True
473,2027-08-30,2027,8,30,1,Monday,5,August,S2,T2,False
474,2027-08-31,2027,8,31,2,Tuesday,5,August,S2,T2,False
475,2027-09-01,2027,9,1,3,Wednesday,1,September,S2,T3,False
476,2027-09-02,2027,9,2,4,Thursday,1,September,S2,T3,False
477,2027-09-03,2027,9,3,5,Friday,1,September,S2,T3,False
478,2027-09-04,2027,9,4,6,Saturday,1,September,S2,T3,True
479,2027-09-05,2027,9,5,7,Sunday,1,September,S2,T3,True
480,2027-09-06,2027,9,6,1,Monday,1,September,S2,T3,False
481,2027-09-07,2027,9,7,2,Tuesday,1,September,S2,T3,False
482,2027-09-08,2027,9,8,3,Wednesday,2,September,S2,T3,False
483,2027-09-09,2027,9,9,4,Thursday,2,September,S2,T3,False
484,2027-09-10,2027,9,10,5,Friday,2,September,S2,T3,False
485,2027-09-11,2027,9,11,6,Saturday,2,September,S2,T3,True
486,2027-09-12,2027,9,12,7,Sunday,2,September,S2,T3,True
487,2027-09-13,2027,9,13,1,Monday,2,September,S2,T3,False
488,2027-09-14,2027,9,14,2,Tuesday,2,September,S2,T3,False
489,2027-09-15,2027,9,15,3,Wednesday,3,September,S2,T3,False
490,2027-09-16,2027,9,16,4,Thursday,3,September,S2,T3,False
491,2027-09-17,2027,9,17,5,Friday,3,September,S2,T3,False
492,2027-09-18,2027,9,18,6,Saturday,3,September,S2,T3,True
493,2027-09-19,2027,9,19,7,Sunday,3,September,S2,T3,True
494,2027-09-20,2027,9,20,1,Monday,3,September,S2,T3,False
495,2027-09-21,2027,9,21,2,Tuesday,3,September,S2,T3,False
496,2027-09-22,2027,9,22,3,Wednesday,4,September,S2,T3,False
497,2027-09-23,2027,9,23,4,Thursday,4,September,S2,T3,False
498,2027-09-24,2027,9,24,5,Friday,4,September,S2,T3,False
499,2027-09-25,2027,9,25,6,Saturday,4,September,S2,T3,True
500,2027-09-26,2027,9,26,7,Sunday,4,September,S2,T3,True
501,2027-09-27,2027,9,27,1,Monday,4,September,S2,T3,False
502,2027-09-28,2027,9,28,2,Tuesday,4,September,S2,T3,False
503,2027-09-29,2027,9,29,3,Wednesday,5,September,S2,T3,False
504,2027-09-30,2027,9,30,4,Thursday,5,September,S2,T3,False
505,2027-10-01,2027,10,1,5,Friday,1,October,S2,T3,False
506,2027-10-02,2027,10,2,6,Saturday,1,October,S2,T3,True
507,2027-10-03,2027,10,3,7,Sunday,1,October,S2,T3,True
508,2027-10-04,2027,10,4,1,Monday,1,October,S2,T3,False
509,2027-10-05,2027,10,5,2,Tuesday,1,October,S2,T3,False
510,2027-10-06,2027,10,6,3,Wednesday,1,October,S2,T3,False
511,2027-10-07,2027,10,7,4,Thursday,1,October,S2,T3,False
512,2027-10-08,2027,10,8,5,Friday,2,October,S2,T3,False
513,2027-10-09,2027,10,9,6,Saturday,2,October,S2,T3,True
514,2027-10-10,2027,10,10,7,Sunday,2,October,S2,T3,True
515,2027-10-11,2027,10,11,1,Monday,2,October,S2,T3,False
516,2027-10-12,2027,10,12,2,Tuesday,2,October,S2,T3,False
517,2027-10-13,2027,10,13,3,Wednesday,2,October,S2,T3,False
518,2027-10-14,2027,10,14,4,Thursday,2,October,S2,T3,False
519,2027-10-15,2027,10,15,5,Friday,3,October,S2,T3,False
520,2027-10-16,2027,10,16,6,Saturday,3,October,S2,T3,True
521,2027-10-17,2027,10,17,7,Sunday,3,October,S2,T3,True
522,2027-10-18,2027,10,18,1,Monday,3,October,S2,T3,False
523,2027-10-19,2027,10,19,2,Tuesday,3,October,S2,T3,False
524,2027-10-20,2027,10,20,3,Wednesday,3,October,S2,T3,False
525,2027-10-21,2027,10,21,4,Thursday,3,October,S2,T3,False
526,2027-10-22,2027,10,22,5,Friday,4,October,S2,T3,False
527,2027-10-23,2027,10,23,6,Saturday,4,October,S2,T3,True
528,2027-10-24,2027,10,24,7,Sunday,4,October,S2,T3,True
529,2027-10-25,2027,10,25,1,Monday,4,October,S2,T3,False
530,2027-10-26,2027,10,26,2,Tuesday,4,October,S2,T3,False
531,2027-10-27,2027,10,27,3,Wednesday,4,October,S2,T3,False
532,2027-10-28,2027,10,28,4,Thursday,4,October,S2,T3,False
533,2027-10-29,2027,10,29,5,Friday,5,October,S2,T3,False
534,2027-10-30,2027,10,30,6,Saturday,5,October,S2,T3,True
535,2027-10-31,2027,10,31,7,Sunday,5,October,S2,T3,True
536,2027-11-01,2027,11,1,1,Monday,1,November,S2,T3,False
537,2027-11-02,2027,11,2,2,Tuesday,1,November,S2,T3,False
538,2027-11-03,2027,11,3,3,Wednesday,1,November,S2,T3,False
539,2027-11-04,2027,11,4,4,Thursday,1,November,S2,T3,False
540,2027-11-05,2027,11,5,5,Friday,1,November,S2,T3,False
541,2027-11-06,2027,11,6,6,Saturday,1,November,S2,T3,True
542,2027-11-07,2027,11,7,7,Sunday,1,November,S2,T3,True
543,2027-11-08,2027,11,8,1,Monday,2,November,S2,T3,False
544,2027-11-09,2027,11,9,2,Tuesday,2,November,S2,T3,False
545,2027-11-10,2027,11,10,3,Wednesday,2,November,S2,T3,False
546,2027-11-11,2027,11,11,4,Thursday,2,November,S2,T3,False
547,2027-11-12,2027,11,12,5,Friday,2,November,S2,T3,False
548,2027-11-13,2027,11,13,6,Saturday,2,November,S2,T3,True
549,2027-11-14,2027,11,14,7,Sunday,2,November,S2,T3,True
550,2027-11-15,2027,11,15,1,Monday,3,November,S2,T3,False
551,2027-11-16,2027,11,16,2,Tuesday,3,November,S2,T3,False
552,2027-11-17,2027,11,17,3,Wednesday,3,November,S2,T3,False
553,2027-11-18,2027,11,18,4,Thursday,3,November,S2,T3,False
554,2027-11-19,2027,11,19,5,Friday,3,November,S2,T3,False
555,2027-11-20,2027,11,20,6,Saturday,3,November,S2,T3,True
556,2027-11-21,2027,11,21,7,Sunday,3,November,S2,T3,True
557,2027-11-22,2027,11,22,1,Monday,4,November,S2,T3,False
558,2027-11-23,2027,11,23,2,Tuesday,4,November,S2,T3,False
559,2027-11-24,2027,11,24,3,Wednesday,4,November,S2,T3,False
560,2027-11-25,2027,11,25,4,Thursday,4,November,S2,T3,False
561,2027-11-26,2027,11,26,5,Friday,4,November,S2,T3,False
562,2027-11-27,2027,11,27,6,Saturday,4,November,S2,T3,True
563,2027-11-28,2027,11,28,7,Sunday,4,November,S2,T3,True
564,2027-11-29,2027,11,29,1,Monday,5,November,S2,T3,False
565,2027-11-30,2027,11,30,2,Tuesday,5,November,S2,T3,False
566,2027-12-01,2027,12,1,3,Wednesday,1,December,S2,T3,False
567,2027-12-02,2027,12,2,4,Thursday,1,December,S2,T3,False
568,2027-12-03,2027,12,3,5,Friday,1,December,S2,T3,False
569,2027-12-04,2027,12,4,6,Saturday,1,December,S2,T3,True
570,2027-12-05,2027,12,5,7,Sunday,1,December,S2,T3,True
571,2027-12-06,2027,12,6,1,Monday,1,December,S2,T3,False
572,2027-12-07,2027,12,7,2,Tuesday,1,December,S2,T3,False
573,2027-12-08,2027,12,8,3,Wednesday,2,December,S2,T3,False
574,2027-12-09,2027,12,9,4,Thursday,2,December,S2,T3,False
575,2027-12-10,2027,12,10,5,Friday,2,December,S2,T3,False
576,2027-12-11,2027,12,11,6,Saturday,2,December,S2,T3,True
577,2027-12-12,2027,12,12,7,Sunday,2,December,S2,T3,True
578,2027-12-13,2027,12,13,1,Monday,2,December,S2,T3,False
579,2027-12-14,2027,12,14,2,Tuesday,2,December,S2,T3,False
580,2027-12-15,2027,12,15,3,Wednesday,3,December,S2,T3,False
581,2027-12-16,2027,12,16,4,Thursday,3,December,S2,T3,False
582,2027-12-17,2027,12,17,5,Friday,3,December,S2,T3,False
583,2027-12-18,2027,12,18,6,Saturday,3,December,S2,T3,True
584,2027-12-19,2027,12,19,7,Sunday,3,December,S2,T3,True
585,2027-12-20,2027,12,20,1,Monday,3,December,S2,T3,False
586,2027-12-21,2027,12,21,2,Tuesday,3,December,S2,T3,False
587,2027-12-22,2027,12,22,3,Wednesday,4,December,S2,T3,False
588,2027-12-23,2027,12,23,4,Thursday,4,December,S2,T3,False
589,2027-12-24,2027,12,24,5,Friday,4,December,S2,T3,False
590,2027-12-25,2027,12,25,6,Saturday,4,December,S2,T3,True
591,2027-12-26,2027,12,26,7,Sunday,4,December,S2,T3,True
592,2027-12-27,2027,12,27,1,Monday,4,December,S2,T3,False
593,2027-12-28,2027,12,28,2,Tuesday,4,December,S2,T3,False
594,2027-12-29,2027,12,29,3,Wednesday,5,December,S2,T3,False
595,2027-12-30,2027,12,30,4,Thursday,5,December,S2,T3,False
596,2027-12-31,2027,12,31,5,Friday,5,December,S2,T3,False
597,2028-01-01,2028,1,1,6,Saturday,1,January,S1,T1,True
598,2028-01-02,2028,1,2,7,Sunday,1,January,S1,T1,True
599,2028-01-03,2028,1,3,1,Monday,1,January,S1,T1,False
600,2028-01-04,2028,1,4,2,Tuesday,1,January,S1,T1,False
601,2028-01-05,2028,1,5,3,Wednesday,1,January,S1,T1,False
602,2028-01-06,2028,1,6,4,Thursday,1,January,S1,T1,False
603,2028-01-07,2028,1,7,5,Friday,1,January,S1,T1,False
604,2028-01-08,2028,1,8,6,Saturday,2,January,S1,T1,True
605,2028-01-09,2028,1,9,7,Sunday,2,January,S1,T1,True
606,2028-01-10,2028,1,10,1,Monday,2,January,S1,T1,False
607,2028-01-11,2028,1,11,2,Tuesday,2,January,S1,T1,False
608,2028-01-12,2028,1,12,3,Wednesday,2,January,S1,T1,False
609,2028-01-13,2028,1,13,4,Thursday,2,January,S1,T1,False
610,2028-01-14,2028,1,14,5,Friday,2,January,S1,T1,False
611,2028-01-15,2028,1,15,6,Saturday,3,January,S1,T1,True
612,2028-01-16,2028,1,16,7,Sunday,3,January,S1,T1,True
613,2028-01-17,2028,1,17,1,Monday,3,January,S1,T1,False
614,2028-01-18,2028,1,18,2,Tuesday,3,January,S1,T1,False
615,2028-01-19,2028,1,19,3,Wednesday,3,January,S1,T1,False
616,2028-01-20,2028,1,20,4,Thursday,3,January,S1,T1,False
617,2028-01-21,2028,1,21,5,Friday,3,January,S1,T1,False
618,2028-01-22,2028,1,22,6,Saturday,4,January,S1,T1,True
619,2028-01-23,2028,1,23,7,Sunday,4,January,S1,T1,True
620,2028-01-24,2028,1,24,1,Monday,4,January,S1,T1,False
621,2028-01-25,2028,1,25,2,Tuesday,4,January,S1,T1,False
622,2028-01-26,2028,1,26,3,Wednesday,4,January,S1,T1,False
623,2028-01-27,2028,1,27,4,Thursday,4,January,S1,T1,False
624,2028-01-28,2028,1,28,5,Friday,4,January,S1,T1,False
625,2028-01-29,2028,1,29,6,Saturday,5,January,S1,T1,True
626,2028-01-30,2028,1,30,7,Sunday,5,January,S1,T1,True
627,2028-01-31,2028,1,31,1,Monday,5,January,S1,T1,False
628,2028-02-01,2028,2,1,2,Tuesday,1,February,S1,T1,False
629,2028-02-02,2028,2,2,3,Wednesday,1,February,S1,T1,False
630,2028-02-03,2028,2,3,4,Thursday,1,February,S1,T1,False
631,2028-02-04,2028,2,4,5,Friday,1,February,S1,T1,False
632,2028-02-05,2028,2,5,6,Saturday,1,February,S1,T1,True
633,2028-02-06,2028,2,6,7,Sunday,1,February,S1,T1,True
634,2028-02-07,2028,2,7,1,Monday,1,February,S1,T1,False
635,2028-02-08,2028,2,8,2,Tuesday,2,February,S1,T1,False
636,2028-02-09,2028,2,9,3,Wednesday,2,February,S1,T1,False
637,2028-02-10,2028,2,10,4,Thursday,2,February,S1,T1,False
638,2028-02-11,2028,2,11,5,Friday,2,February,S1,T1,False
639,2028-02-12,2028,2,12,6,Saturday,2,February,S1,T1,True
640,2028-02-13,2028,2,13,7,Sunday,2,February,S1,T1,True
641,2028-02-14,2028,2,14,1,Monday,2,February,S1,T1,False
642,2028-02-15,2028,2,15,2,Tuesday,3,February,S1,T1,False
643,2028-02-16,2028,2,16,3,Wednesday,3,February,S1,T1,False
644,2028-02-17,2028,2,17,4,Thursday,3,February,S1,T1,False
645,2028-02-18,2028,2,18,5,Friday,3,February,S1,T1,False
646,2028-02-19,2028,2,19,6,Saturday,3,February,S1,T1,True
647,2028-02-20,2028,2,20,7,Sunday,3,February,S1,T1,True
648,2028-02-21,2028,2,21,1,Monday,3,February,S1,T1,False
649,2028-02-22,2028,2,22,2,Tuesday,4,February,S1,T1,False
650,2028-02-23,2028,2,23,3,Wednesday,4,February,S1,T1,False
651,2028-02-24,2028,2,24,4,Thursday,4,February,S1,T1,False
652,2028-02-25,2028,2,25,5,Friday,4,February,S1,T1,False
653,2028-02-26,2028,2,26,6,Saturday,4,February,S1,T1,True
654,2028-02-27,2028,2,27,7,Sunday,4,February,S1,T1,True
655,2028-02-28,2028,2,28,1,Monday,4,February,S1,T1,False
656,2028-02-29,2028,2,29,2,Tuesday,5,February,S1,T1,False
657,2028-03-01,2028,3,1,3,Wednesday,1,March,S1,T1,False
658,2028-03-02,2028,3,2,4,Thursday,1,March,S1,T1,False
659,2028-03-03,2028,3,3,5,Friday,1,March,S1,T1,False
660,2028-03-04,2028,3,4,6,Saturday,1,March,S1,T1,True
661,2028-03-05,2028,3,5,7,Sunday,1,March,S1,T1,True
662,2028-03-06,2028,3,6,1,Monday,1,March,S1,T1,False
663,2028-03-07,2028,3,7,2,Tuesday,1,March,S1,T1,False
664,2028-03-08,2028,3,8,3,Wednesday,2,March,S1,T1,False
665,2028-03-09,2028,3,9,4,Thursday,2,March,S1,T1,False
666,2028-03-10,2028,3,10,5,Friday,2,March,S1,T1,False
667,2028-03-11,2028,3,11,6,Saturday,2,March,S1,T1,True
668,2028-03-12,2028,3,12,7,Sunday,2,March,S1,T1,True
669,2028-03-13,2028,3,13,1,Monday,2,March,S1,T1,False
670,2028-03-14,2028,3,14,2,Tuesday,2,March,S1,T1,False
671,2028-03-15,2028,3,15,3,Wednesday,3,March,S1,T1,False
672,2028-03-16,2028,3,16,4,Thursday,3,March,S1,T1,False
673,2028-03-17,2028,3,17,5,Friday,3,March,S1,T1,False
674,2028-03-18,2028,3,18,6,Saturday,3,March,S1,T1,True
675,2028-03-19,2028,3,19,7,Sunday,3,March,S1,T1,True
676,2028-03-20,2028,3,20,1,Monday,3,March,S1,T1,False
677,2028-03-21,2028,3,21,2,Tuesday,3,March,S1,T1,False
678,2028-03-22,2028,3,22,3,Wednesday,4,March,S1,T1,False
679,2028-03-23,2028,3,23,4,Thursday,4,March,S1,T1,False
680,2028-03-24,2028,3,24,5,Friday,4,March,S1,T1,False
681,2028-03-25,2028,3,25,6,Saturday,4,March,S1,T1,True
682,2028-03-26,2028,3,26,7,Sunday,4,March,S1,T1,True
683,2028-03-27,2028,3,27,1,Monday,4,March,S1,T1,False
684,2028-03-28,2028,3,28,2,Tuesday,4,March,S1,T1,False
685,2028-03-29,2028,3,29,3,Wednesday,5,March,S1,T1,False
686,2028-03-30,2028,3,30,4,Thursday,5,March,S1,T1,False
687,2028-03-31,2028,3,31,5,Friday,5,March,S1,T1,False
688,2028-04-01,2028,4,1,6,Saturday,1,April,S1,T1,True
689,2028-04-02,2028,4,2,7,Sunday,1,April,S1,T1,True
690,2028-04-03,2028,4,3,1,Monday,1,April,S1,T1,False
691,2028-04-04,2028,4,4,2,Tuesday,1,April,S1,T1,False
692,2028-04-05,2028,4,5,3,Wednesday,1,April,S1,T1,False
693,2028-04-06,2028,4,6,4,Thursday,1,April,S1,T1,False
694,2028-04-07,2028,4,7,5,Friday,1,April,S1,T1,False
695,2028-04-08,2028,4,8,6,Saturday,2,April,S1,T1,True
696,2028-04-09,2028,4,9,7,Sunday,2,April,S1,T1,True
697,2028-04-10,2028,4,10,1,Monday,2,April,S1,T1,False
698,2028-04-11,2028,4,11,2,Tuesday,2,April,S1,T1,False
699,2028-04-12,2028,4,12,3,Wednesday,2,April,S1,T1,False
700,2028-04-13,2028,4,13,4,Thursday,2,April,S1,T1,False
701,2028-04-14,2028,4,14,5,Friday,2,April,S1,T1,False
702,2028-04-15,2028,4,15,6,Saturday,3,April,S1,T1,True
703,2028-04-16,2028,4,16,7,Sunday,3,April,S1,T1,True
704,2028-04-17,2028,4,17,1,Monday,3,April,S1,T1,False
705,2028-04-18,2028,4,18,2,Tuesday,3,April,S1,T1,False
706,2028-04-19,2028,4,19,3,Wednesday,3,April,S1,T1,False
707,2028-04-20,2028,4,20,4,Thursday,3,April,S1,T1,False
708,2028-04-21,2028,4,21,5,Friday,3,April,S1,T1,False
709,2028-04-22,2028,4,22,6,Saturday,4,April,S1,T1,True
710,2028-04-23,2028,4,23,7,Sunday,4,April,S1,T1,True
711,2028-04-24,2028,4,24,1,Monday,4,April,S1,T1,False
712,2028-04-25,2028,4,25,2,Tuesday,4,April,S1,T1,False
713,2028-04-26,2028,4,26,3,Wednesday,4,April,S1,T1,False
714,2028-04-27,2028,4,27,4,Thursday,4,April,S1,T1,False
715,2028-04-28,2028,4,28,5,Friday,4,April,S1,T1,False
716,2028-04-29,2028,4,29,6,Saturday,5,April,S1,T1,True
717,2028-04-30,2028,4,30,7,Sunday,5,April,S1,T1,True
718,2028-05-01,2028,5,1,1,Monday,1,May,S1,T2,False
719,2028-05-02,2028,5,2,2,Tuesday,1,May,S1,T2,False
720,2028-05-03,2028,5,3,3,Wednesday,1,May,S1,T2,False
721,2028-05-04,2028,5,4,4,Thursday,1,May,S1,T2,False
722,2028-05-05,2028,5,5,5,Friday,1,May,S1,T2,False
723,2028-05-06,2028,5,6,6,Saturday,1,May,S1,T2,True
724,2028-05-07,2028,5,7,7,Sunday,1,May,S1,T2,True
725,2028-05-08,2028,5,8,1,Monday,2,May,S1,T2,False
726,2028-05-09,2028,5,9,2,Tuesday,2,May,S1,T2,False
727,2028-05-10,2028,5,10,3,Wednesday,2,May,S1,T2,False
728,2028-05-11,2028,5,11,4,Thursday,2,May,S1,T2,False
729,2028-05-12,2028,5,12,5,Friday,2,May,S1,T2,False
730,2028-05-13,2028,5,13,6,Saturday,2,May,S1,T2,True
731,2028-05-14,2028,5,14,7,Sunday,2,May,S1,T2,True
732,2028-05-15,2028,5,15,1,Monday,3,May,S1,T2,False
733,2028-05-16,2028,5,16,2,Tuesday,3,May,S1,T2,False
734,2028-05-17,2028,5,17,3,Wednesday,3,May,S1,T2,False
735,2028-05-18,2028,5,18,4,Thursday,3,May,S1,T2,False
736,2028-05-19,2028,5,19,5,Friday,3,May,S1,T2,False
737,2028-05-20,2028,5,20,6,Saturday,3,May,S1,T2,True
738,2028-05-21,2028,5,21,7,Sunday,3,May,S1,T2,True
739,2028-05-22,2028,5,22,1,Monday,4,May,S1,T2,False
740,2028-05-23,2028,5,23,2,Tuesday,4,May,S1,T2,False
741,2028-05-24,2028,5,24,3,Wednesday,4,May,S1,T2,False
742,2028-05-25,2028,5,25,4,Thursday,4,May,S1,T2,False
743,2028-05-26,2028,5,26,5,Friday,4,May,S1,T2,False
744,2028-05-27,2028,5,27,6,Saturday,4,May,S1,T2,True
745,2028-05-28,2028,5,28,7,Sunday,4,May,S1,T2,True
746,2028-05-29,2028,5,29,1,Monday,5,May,S1,T2,False
747,2028-05-30,2028,5,30,2,Tuesday,5,May,S1,T2,False
748,2028-05-31,2028,5,31,3,Wednesday,5,May,S1,T2,False
749,2028-06-01,2028,6,1,4,Thursday,1,June,S1,T2,False
750,2028-06-02,2028,6,2,5,Friday,1,June,S1,T2,False
751,2028-06-03,2028,6,3,6,Saturday,1,June,S1,T2,True
752,2028-06-04,2028,6,4,7,Sunday,1,June,S1,T2,True
753,2028-06-05,2028,6,5,1,Monday,1,June,S1,T2,False
754,2028-06-06,2028,6,6,2,Tuesday,1,June,S1,T2,False
755,2028-06-07,2028,6,7,3,Wednesday,1,June,S1,T2,False
756,2028-06-08,2028,6,8,4,Thursday,2,June,S1,T2,False
757,2028-06-09,2028,6,9,5,Friday,2,June,S1,T2,False
758,2028-06-10,2028,6,10,6,Saturday,2,June,S1,T2,True
759,2028-06-11,2028,6,11,7,Sunday,2,June,S1,T2,True
760,2028-06-12,2028,6,12,1,Monday,2,June,S1,T2,False
761,2028-06-13,2028,6,13,2,Tuesday,2,June,S1,T2,False
762,2028-06-14,2028,6,14,3,Wednesday,2,June,S1,T2,False
763,2028-06-15,2028,6,15,4,Thursday,3,June,S1,T2,False
764,2028-06-16,2028,6,16,5,Friday,3,June,S1,T2,False
765,2028-06-17,2028,6,17,6,Saturday,3,June,S1,T2,True
766,2028-06-18,2028,6,18,7,Sunday,3,June,S1,T2,True
767,2028-06-19,2028,6,19,1,Monday,3,June,S1,T2,False
768,2028-06-20,2028,6,20,2,Tuesday,3,June,S1,T2,False
769,2028-06-21,2028,6,21,3,Wednesday,3,June,S1,T2,False
770,2028-06-22,2028,6,22,4,Thursday,4,June,S1,T2,False
771,2028-06-23,2028,6,23,5,Friday,4,June,S1,T2,False
772,2028-06-24,2028,6,24,6,Saturday,4,June,S1,T2,True
773,2028-06-25,2028,6,25,7,Sunday,4,June,S1,T2,True
774,2028-06-26,2028,6,26,1,Monday,4,June,S1,T2,False
775,2028-06-27,2028,6,27,2,Tuesday,4,June,S1,T2,False
776,2028-06-28,2028,6,28,3,Wednesday,4,June,S1,T2,False
777,2028-06-29,2028,6,29,4,Thursday,5,June,S1,T2,False
778,2028-06-30,2028,6,30,5,Friday,5,June,S1,T2,False
779,2028-07-01,2028,7,1,6,Saturday,1,July,S2,T2,True
780,2028-07-02,2028,7,2,7,Sunday,1,July,S2,T2,True
781,2028-07-03,2028,7,3,1,Monday,1,July,S2,T2,False
782,2028-07-04,2028,7,4,2,Tuesday,1,July,S2,T2,False
783,2028-07-05,2028,7,5,3,Wednesday,1,July,S2,T2,False
784,2028-07-06,2028,7,6,4,Thursday,1,July,S2,T2,False
785,2028-07-07,2028,7,7,5,Friday,1,July,S2,T2,False
786,2028-07-08,2028,7,8,6,Saturday,2,July,S2,T2,True
787,2028-07-09,2028,7,9,7,Sunday,2,July,S2,T2,True
788,2028-07-10,2028,7,10,1,Monday,2,July,S2,T2,False
789,2028-07-11,2028,7,11,2,Tuesday,2,July,S2,T2,False
790,2028-07-12,2028,7,12,3,Wednesday,2,July,S2,T2,False
791,2028-07-13,2028,7,13,4,Thursday,2,July,S2,T2,False
792,2028-07-14,2028,7,14,5,Friday,2,July,S2,T2,False
793,2028-07-15,2028,7,15,6,Saturday,3,July,S2,T2,True
794,2028-07-16,2028,7,16,7,Sunday,3,July,S2,T2,True
795,2028-07-17,2028,7,17,1,Monday,3,July,S2,T2,False
796,2028-07-18,2028,7,18,2,Tuesday,3,July,S2,T2,False
797,2028-07-19,2028,7,19,3,Wednesday,3,July,S2,T2,False
798,2028-07-20,2028,7,20,4,Thursday,3,July,S2,T2,False
799,2028-07-21,2028,7,21,5,Friday,3,July,S2,T2,False
800,2028-07-22,2028,7,22,6,Saturday,4,July,S2,T2,True
801,2028-07-23,2028,7,23,7,Sunday,4,July,S2,T2,True
802,2028-07-24,2028,7,24,1,Monday,4,July,S2,T2,False
803,2028-07-25,2028,7,25,2,Tuesday,4,July,S2,T2,False
804,2028-07-26,2028,7,26,3,Wednesday,4,July,S2,T2,False
805,2028-07-27,2028,7,27,4,Thursday,4,July,S2,T2,False
806,2028-07-28,2028,7,28,5,Friday,4,July,S2,T2,False
807,2028-07-29,2028,7,29,6,Saturday,5,July,S2,T2,True
808,2028-07-30,2028,7,30,7,Sunday,5,July,S2,T2,True
809,2028-07-31,2028,7,31,1,Monday,5,July,S2,T2,False
810,2028-08-01,2028,8,1,2,Tuesday,1,August,S2,T2,False
811,2028-08-02,2028,8,2,3,Wednesday,1,August,S2,T2,False
812,2028-08-03,2028,8,3,4,Thursday,1,August,S2,T2,False
813,2028-08-04,2028,8,4,5,Friday,1,August,S2,T2,False
814,2028-08-05,2028,8,5,6,Saturday,1,August,S2,T2,True
815,2028-08-06,2028,8,6,7,Sunday,1,August,S2,T2,True
816,2028-08-07,2028,8,7,1,Monday,1,August,S2,T2,False
817,2028-08-08,2028,8,8,2,Tuesday,2,August,S2,T2,False
818,2028-08-09,2028,8,9,3,Wednesday,2,August,S2,T2,False
819,2028-08-10,2028,8,10,4,Thursday,2,August,S2,T2,False
820,2028-08-11,2028,8,11,5,Friday,2,August,S2,T2,False
821,2028-08-12,2028,8,12,6,Saturday,2,August,S2,T2,True
822,2028-08-13,2028,8,13,7,Sunday,2,August,S2,T2,True
823,2028-08-14,2028,8,14,1,Monday,2,August,S2,T2,False
824,2028-08-15,2028,8,15,2,Tuesday,3,August,S2,T2,False
825,2028-08-16,2028,8,16,3,Wednesday,3,August,S2,T2,False
826,2028-08-17,2028,8,17,4,Thursday,3,August,S2,T2,False
827,2028-08-18,2028,8,18,5,Friday,3,August,S2,T2,False
828,2028-08-19,2028,8,19,6,Saturday,3,August,S2,T2,True
829,2028-08-20,2028,8,20,7,Sunday,3,August,S2,T2,True
830,2028-08-21,2028,8,21,1,Monday,3,August,S2,T2,False
831,2028-08-22,2028,8,22,2,Tuesday,4,August,S2,T2,False
832,2028-08-23,2028,8,23,3,Wednesday,4,August,S2,T2,False
833,2028-08-24,2028,8,24,4,Thursday,4,August,S2,T2,False
834,2028-08-25,2028,8,25,5,Friday,4,August,S2,T2,False
835,2028-08-26,2028,8,26,6,Saturday,4,August,S2,T2,True
836,2028-08-27,2028,8,27,7,Sunday,4,August,S2,T2,True
837,2028-08-28,2028,8,28,1,Monday,4,August,S2,T2,False
838,2028-08-29,2028,8,29,2,Tuesday,5,August,S2,T2,False
839,2028-08-30,2028,8,30,3,Wednesday,5,August,S2,T2,False
840,2028-08-31,2028,8,31,4,Thursday,5,August,S2,T2,False
841,2028-09-01,2028,9,1,5,Friday,1,September,S2,T3,False
842,2028-09-02,2028,9,2,6,Saturday,1,September,S2,T3,True
843,2028-09-03,2028,9,3,7,Sunday,1,September,S2,T3,True
844,2028-09-04,2028,9,4,1,Monday,1,September,S2,T3,False
845,2028-09-05,2028,9,5,2,Tuesday,1,September,S2,T3,False
846,2028-09-06,2028,9,6,3,Wednesday,1,September,S2,T3,False
847,2028-09-07,2028,9,7,4,Thursday,1,September,S2,T3,False
848,2028-09-08,2028,9,8,5,Friday,2,September,S2,T3,False
849,2028-09-09,2028,9,9,6,Saturday,2,September,S2,T3,True
850,2028-09-10,2028,9,10,7,Sunday,2,September,S2,T3,True
851,2028-09-11,2028,9,11,1,Monday,2,September,S2,T3,False
852,2028-09-12,2028,9,12,2,Tuesday,2,September,S2,T3,False
853,2028-09-13,2028,9,13,3,Wednesday,2,September,S2,T3,False
854,2028-09-14,2028,9,14,4,Thursday,2,September,S2,T3,False
855,2028-09-15,2028,9,15,5,Friday,3,September,S2,T3,False
856,2028-09-16,2028,9,16,6,Saturday,3,September,S2,T3,True
857,2028-09-17,2028,9,17,7,Sunday,3,September,S2,T3,True
858,2028-09-18,2028,9,18,1,Monday,3,September,S2,T3,False
859,2028-09-19,2028,9,19,2,Tuesday,3,September,S2,T3,False
860,2028-09-20,2028,9,20,3,Wednesday,3,September,S2,T3,False
861,2028-09-21,2028,9,21,4,Thursday,3,September,S2,T3,False
862,2028-09-22,2028,9,22,5,Friday,4,September,S2,T3,False
863,2028-09-23,2028,9,23,6,Saturday,4,September,S2,T3,True
864,2028-09-24,2028,9,24,7,Sunday,4,September,S2,T3,True
865,2028-09-25,2028,9,25,1,Monday,4,September,S2,T3,False
866,2028-09-26,2028,9,26,2,Tuesday,4,September,S2,T3,False
867,2028-09-27,2028,9,27,3,Wednesday,4,September,S2,T3,False
868,2028-09-28,2028,9,28,4,Thursday,4,September,S2,T3,False
869,2028-09-29,2028,9,29,5,Friday,5,September,S2,T3,False
870,2028-09-30,2028,9,30,6,Saturday,5,September,S2,T3,True
871,2028-10-01,2028,10,1,7,Sunday,1,October,S2,T3,True
872,2028-10-02,2028,10,2,1,Monday,1,October,S2,T3,False
873,2028-10-03,2028,10,3,2,Tuesday,1,October,S2,T3,False
874,2028-10-04,2028,10,4,3,Wednesday,1,October,S2,T3,False
875,2028-10-05,2028,10,5,4,Thursday,1,October,S2,T3,False
876,2028-10-06,2028,10,6,5,Friday,1,October,S2,T3,False
877,2028-10-07,2028,10,7,6,Saturday,1,October,S2,T3,True
878,2028-10-08,2028,10,8,7,Sunday,2,October,S2,T3,True
879,2028-10-09,2028,10,9,1,Monday,2,October,S2,T3,False
880,2028-10-10,2028,10,10,2,Tuesday,2,October,S2,T3,False
881,2028-10-11,2028,10,11,3,Wednesday,2,October,S2,T3,False
882,2028-10-12,2028,10,12,4,Thursday,2,October,S2,T3,False
883,2028-10-13,2028,10,13,5,Friday,2,October,S2,T3,False
884,2028-10-14,2028,10,14,6,Saturday,2,October,S2,T3,True
885,2028-10-15,2028,10,15,7,Sunday,3,October,S2,T3,True
886,2028-10-16,2028,10,16,1,Monday,3,October,S2,T3,False
887,2028-10-17,2028,10,17,2,Tuesday,3,October,S2,T3,False
888,2028-10-18,2028,10,18,3,Wednesday,3,October,S2,T3,False
889,2028-10-19,2028,10,19,4,Thursday,3,October,S2,T3,False
890,2028-10-20,2028,10,20,5,Friday,3,October,S2,T3,False
891,2028-10-21,2028,10,21,6,Saturday,3,October,S2,T3,True
892,2028-10-22,2028,10,22,7,Sunday,4,October,S2,T3,True
893,2028-10-23,2028,10,23,1,Monday,4,October,S2,T3,False
894,2028-10-24,2028,10,24,2,Tuesday,4,October,S2,T3,False
895,2028-10-25,2028,10,25,3,Wednesday,4,October,S2,T3,False
896,2028-10-26,2028,10,26,4,Thursday,4,October,S2,T3,False
897,2028-10-27,2028,10,27,5,Friday,4,October,S2,T3,False
898,2028-10-28,2028,10,28,6,Saturday,4,October,S2,T3,True
899,2028-10-29,2028,10,29,7,Sunday,5,October,S2,T3,True
900,2028-10-30,2028,10,30,1,Monday,5,October,S2,T3,False
901,2028-10-31,2028,10,31,2,Tuesday,5,October,S2,T3,False
902,2028-11-01,2028,11,1,3,Wednesday,1,November,S2,T3,False
903,2028-11-02,2028,11,2,4,Thursday,1,November,S2,T3,False
904,2028-11-03,2028,11,3,5,Friday,1,November,S2,T3,False
905,2028-11-04,2028,11,4,6,Saturday,1,November,S2,T3,True
906,2028-11-05,2028,11,5,7,Sunday,1,November,S2,T3,True
907,2028-11-06,2028,11,6,1,Monday,1,November,S2,T3,False
908,2028-11-07,2028,11,7,2,Tuesday,1,November,S2,T3,False
909,2028-11-08,2028,11,8,3,Wednesday,2,November,S2,T3,False
910,2028-11-09,2028,11,9,4,Thursday,2,November,S2,T3,False
911,2028-11-10,2028,11,10,5,Friday,2,November,S2,T3,False
912,2028-11-11,2028,11,11,6,Saturday,2,November,S2,T3,True
913,2028-11-12,2028,11,12,7,Sunday,2,November,S2,T3,True
914,2028-11-13,2028,11,13,1,Monday,2,November,S2,T3,False
915,2028-11-14,2028,11,14,2,Tuesday,2,November,S2,T3,False
916,2028-11-15,2028,11,15,3,Wednesday,3,November,S2,T3,False
917,2028-11-16,2028,11,16,4,Thursday,3,November,S2,T3,False
918,2028-11-17,2028,11,17,5,Friday,3,November,S2,T3,False
919,2028-11-18,2028,11,18,6,Saturday,3,November,S2,T3,True
920,2028-11-19,2028,11,19,7,Sunday,3,November,S2,T3,True
921,2028-11-20,2028,11,20,1,Monday,3,November,S2,T3,False
922,2028-11-21,2028,11,21,2,Tuesday,3,November,S2,T3,False
923,2028-11-22,2028,11,22,3,Wednesday,4,November,S2,T3,False
924,2028-11-23,2028,11,23,4,Thursday,4,November,S2,T3,False
925,2028-11-24,2028,11,24,5,Friday,4,November,S2,T3,False
926,2028-11-25,2028,11,25,6,Saturday,4,November,S2,T3,True
927,2028-11-26,2028,11,26,7,Sunday,4,November,S2,T3,True
928,2028-11-27,2028,11,27,1,Monday,4,November,S2,T3,False
929,2028-11-28,2028,11,28,2,Tuesday,4,November,S2,T3,False
930,2028-11-29,2028,11,29,3,Wednesday,5,November,S2,T3,False
931,2028-11-30,2028,11,30,4,Thursday,5,November,S2,T3,False
932,2028-12-01,2028,12,1,5,Friday,1,December,S2,T3,False
933,2028-12-02,2028,12,2,6,Saturday,1,December,S2,T3,True
934,2028-12-03,2028,12,3,7,Sunday,1,December,S2,T3,True
935,2028-12-04,2028,12,4,1,Monday,1,December,S2,T3,False
936,2028-12-05,2028,12,5,2,Tuesday,1,December,S2,T3,False
937,2028-12-06,2028,12,6,3,Wednesday,1,December,S2,T3,False
938,2028-12-07,2028,12,7,4,Thursday,1,December,S2,T3,False
939,2028-12-08,2028,12,8,5,Friday,2,December,S2,T3,False
940,2028-12-09,2028,12,9,6,Saturday,2,December,S2,T3,True
941,2028-12-10,2028,12,10,7,Sunday,2,December,S2,T3,True
942,2028-12-11,2028,12,11,1,Monday,2,December,S2,T3,False
943,2028-12-12,2028,12,12,2,Tuesday,2,December,S2,T3,False
944,2028-12-13,2028,12,13,3,Wednesday,2,December,S2,T3,False
945,2028-12-14,2028,12,14,4,Thursday,2,December,S2,T3,False
946,2028-12-15,2028,12,15,5,Friday,3,December,S2,T3,False
947,2028-12-16,2028,12,16,6,Saturday,3,December,S2,T3,True
948,2028-12-17,2028,12,17,7,Sunday,3,December,S2,T3,True
949,2028-12-18,2028,12,18,1,Monday,3,December,S2,T3,False
950,2028-12-19,2028,12,19,2,Tuesday,3,December,S2,T3,False
951,2028-12-20,2028,12,20,3,Wednesday,3,December,S2,T3,False
952,2028-12-21,2028,12,21,4,Thursday,3,December,S2,T3,False
953,2028-12-22,2028,12,22,5,Friday,4,December,S2,T3,False
954,2028-12-23,2028,12,23,6,Saturday,4,December,S2,T3,True
955,2028-12-24,2028,12,24,7,Sunday,4,December,S2,T3,True
956,2028-12-25,2028,12,25,1,Monday,4,December,S2,T3,False
957,2028-12-26,2028,12,26,2,Tuesday,4,December,S2,T3,False
958,2028-12-27,2028,12,27,3,Wednesday,4,December,S2,T3,False
959,2028-12-28,2028,12,28,4,Thursday,4,December,S2,T3,False
960,2028-12-29,2028,12,29,5,Friday,5,December,S2,T3,False
961,2028-12-30,2028,12,30,6,Saturday,5,December,S2,T3,True
962,2028-12-31,2028,12,31,7,Sunday,5,December,S2,T3,True
963,2029-01-01,2029,1,1,1,Monday,1,January,S1,T1,False
964,2029-01-02,2029,1,2,2,Tuesday,1,January,S1,T1,False
965,2029-01-03,2029,1,3,3,Wednesday,1,January,S1,T1,False
966,2029-01-04,2029,1,4,4,Thursday,1,January,S1,T1,False
967,2029-01-05,2029,1,5,5,Friday,1,January,S1,T1,False
968,2029-01-06,2029,1,6,6,Saturday,1,January,S1,T1,True
969,2029-01-07,2029,1,7,7,Sunday,1,January,S1,T1,True
970,2029-01-08,2029,1,8,1,Monday,2,January,S1,T1,False
971,2029-01-09,2029,1,9,2,Tuesday,2,January,S1,T1,False
972,2029-01-10,2029,1,10,3,Wednesday,2,January,S1,T1,False
973,2029-01-11,2029,1,11,4,Thursday,2,January,S1,T1,False
974,2029-01-12,2029,1,12,5,Friday,2,January,S1,T1,False
975,2029-01-13,2029,1,13,6,Saturday,2,January,S1,T1,True
976,2029-01-14,2029,1,14,7,Sunday,2,January,S1,T1,True
977,2029-01-15,2029,1,15,1,Monday,3,January,S1,T1,False
978,2029-01-16,2029,1,16,2,Tuesday,3,January,S1,T1,False
979,2029-01-17,2029,1,17,3,Wednesday,3,January,S1,T1,False
980,2029-01-18,2029,1,18,4,Thursday,3,January,S1,T1,False
981,2029-01-19,2029,1,19,5,Friday,3,January,S1,T1,False
982,2029-01-20,2029,1,20,6,Saturday,3,January,S1,T1,True
983,2029-01-21,2029,1,21,7,Sunday,3,January,S1,T1,True
984,2029-01-22,2029,1,22,1,Monday,4,January,S1,T1,False
985,2029-01-23,2029,1,23,2,Tuesday,4,January,S1,T1,False
986,2029-01-24,2029,1,24,3,Wednesday,4,January,S1,T1,False
987,2029-01-25,2029,1,25,4,Thursday,4,January,S1,T1,False
988,2029-01-26,2029,1,26,5,Friday,4,January,S1,T1,False
989,2029-01-27,2029,1,27,6,Saturday,4,January,S1,T1,True
990,2029-01-28,2029,1,28,7,Sunday,4,January,S1,T1,True
991,2029-01-29,2029,1,29,1,Monday,5,January,S1,T1,False
992,2029-01-30,2029,1,30,2,Tuesday,5,January,S1,T1,False
993,2029-01-31,2029,1,31,3,Wednesday,5,January,S1,T1,False
994,2029-02-01,2029,2,1,4,Thursday,1,February,S1,T1,False
995,2029-02-02,2029,2,2,5,Friday,1,February,S1,T1,False
996,2029-02-03,2029,2,3,6,Saturday,1,February,S1,T1,True
997,2029-02-04,2029,2,4,7,Sunday,1,February,S1,T1,True
998,2029-02-05,2029,2,5,1,Monday,1,February,S1,T1,False
999,2029-02-06,2029,2,6,2,Tuesday,1,February,S1,T1,False
1000,2029-02-07,2029,2,7,3,Wednesday,1,February,S1,T1,False
1001,2029-02-08,2029,2,8,4,Thursday,2,February,S1,T1,False
1002,2029-02-09,2029,2,9,5,Friday,2,February,S1,T1,False
1003,2029-02-10,2029,2,10,6,Saturday,2,February,S1,T1,True
1004,2029-02-11,2029,2,11,7,Sunday,2,February,S1,T1,True
1005,2029-02-12,2029,2,12,1,Monday,2,February,S1,T1,False
1006,2029-02-13,2029,2,13,2,Tuesday,2,February,S1,T1,False
1007,2029-02-14,2029,2,14,3,Wednesday,2,February,S1,T1,False
1008,2029-02-15,2029,2,15,4,Thursday,3,February,S1,T1,False
1009,2029-02-16,2029,2,16,5,Friday,3,February,S1,T1,False
1010,2029-02-17,2029,2,17,6,Saturday,3,February,S1,T1,True
1011,2029-02-18,2029,2,18,7,Sunday,3,February,S1,T1,True
1012,2029-02-19,2029,2,19,1,Monday,3,February,S1,T1,False
1013,2029-02-20,2029,2,20,2,Tuesday,3,February,S1,T1,False
1014,2029-02-21,2029,2,21,3,Wednesday,3,February,S1,T1,False
1015,2029-02-22,2029,2,22,4,Thursday,4,February,S1,T1,False
1016,2029-02-23,2029,2,23,5,Friday,4,February,S1,T1,False
1017,2029-02-24,2029,2,24,6,Saturday,4,February,S1,T1,True
1018,2029-02-25,2029,2,25,7,Sunday,4,February,S1,T1,True
1019,2029-02-26,2029,2,26,1,Monday,4,February,S1,T1,False
1020,2029-02-27,2029,2,27,2,Tuesday,4,February,S1,T1,False
1021,2029-02-28,2029,2,28,3,Wednesday,4,February,S1,T1,False
1022,2029-03-01,2029,3,1,4,Thursday,1,March,S1,T1,False
1023,2029-03-02,2029,3,2,5,Friday,1,March,S1,T1,False
1024,2029-03-03,2029,3,3,6,Saturday,1,March,S1,T1,True
1025,2029-03-04,2029,3,4,7,Sunday,1,March,S1,T1,True
1026,2029-03-05,2029,3,5,1,Monday,1,March,S1,T1,False
1027,2029-03-06,2029,3,6,2,Tuesday,1,March,S1,T1,False
1028,2029-03-07,2029,3,7,3,Wednesday,1,March,S1,T1,False
1029,2029-03-08,2029,3,8,4,Thursday,2,March,S1,T1,False
1030,2029-03-09,2029,3,9,5,Friday,2,March,S1,T1,False
1031,2029-03-10,2029,3,10,6,Saturday,2,March,S1,T1,True
1032,2029-03-11,2029,3,11,7,Sunday,2,March,S1,T1,True
1033,2029-03-12,2029,3,12,1,Monday,2,March,S1,T1,False
1034,2029-03-13,2029,3,13,2,Tuesday,2,March,S1,T1,False
1035,2029-03-14,2029,3,14,3,Wednesday,2,March,S1,T1,False
1036,2029-03-15,2029,3,15,4,Thursday,3,March,S1,T1,False
1037,2029-03-16,2029,3,16,5,Friday,3,March,S1,T1,False
1038,2029-03-17,2029,3,17,6,Saturday,3,March,S1,T1,True
1039,2029-03-18,2029,3,18,7,Sunday,3,March,S1,T1,True
1040,2029-03-19,2029,3,19,1,Monday,3,March,S1,T1,False
1041,2029-03-20,2029,3,20,2,Tuesday,3,March,S1,T1,False
1042,2029-03-21,2029,3,21,3,Wednesday,3,March,S1,T1,False
1043,2029-03-22,2029,3,22,4,Thursday,4,March,S1,T1,False
1044,2029-03-23,2029,3,23,5,Friday,4,March,S1,T1,False
1045,2029-03-24,2029,3,24,6,Saturday,4,March,S1,T1,True
1046,2029-03-25,2029,3,25,7,Sunday,4,March,S1,T1,True
1047,2029-03-26,2029,3,26,1,Monday,4,March,S1,T1,False
1048,2029-03-27,2029,3,27,2,Tuesday,4,March,S1,T1,False
1049,2029-03-28,2029,3,28,3,Wednesday,4,March,S1,T1,False
1050,2029-03-29,2029,3,29,4,Thursday,5,March,S1,T1,False
1051,2029-03-30,2029,3,30,5,Friday,5,March,S1,T1,False
1052,2029-03-31,2029,3,31,6,Saturday,5,March,S1,T1,True
1053,2029-04-01,2029,4,1,7,Sunday,1,April,S1,T1,True
1054,2029-04-02,2029,4,2,1,Monday,1,April,S1,T1,False
1055,2029-04-03,2029,4,3,2,Tuesday,1,April,S1,T1,False
1056,2029-04-04,2029,4,4,3,Wednesday,1,April,S1,T1,False
1057,2029-04-05,2029,4,5,4,Thursday,1,April,S1,T1,False
1058,2029-04-06,2029,4,6,5,Friday,1,April,S1,T1,False
1059,2029-04-07,2029,4,7,6,Saturday,1,April,S1,T1,True
1060,2029-04-08,2029,4,8,7,Sunday,2,April,S1,T1,True
1061,2029-04-09,2029,4,9,1,Monday,2,April,S1,T1,False
1062,2029-04-10,2029,4,10,2,Tuesday,2,April,S1,T1,False
1063,2029-04-11,2029,4,11,3,Wednesday,2,April,S1,T1,False
1064,2029-04-12,2029,4,12,4,Thursday,2,April,S1,T1,False
1065,2029-04-13,2029,4,13,5,Friday,2,April,S1,T1,False
1066,2029-04-14,2029,4,14,6,Saturday,2,April,S1,T1,True
1067,2029-04-15,2029,4,15,7,Sunday,3,April,S1,T1,True
1068,2029-04-16,2029,4,16,1,Monday,3,April,S1,T1,False
1069,2029-04-17,2029,4,17,2,Tuesday,3,April,S1,T1,False
1070,2029-04-18,2029,4,18,3,Wednesday,3,April,S1,T1,False
1071,2029-04-19,2029,4,19,4,Thursday,3,April,S1,T1,False
1072,2029-04-20,2029,4,20,5,Friday,3,April,S1,T1,False
1073,2029-04-21,2029,4,21,6,Saturday,3,April,S1,T1,True
1074,2029-04-22,2029,4,22,7,Sunday,4,April,S1,T1,True
1075,2029-04-23,2029,4,23,1,Monday,4,April,S1,T1,False
1076,2029-04-24,2029,4,24,2,Tuesday,4,April,S1,T1,False
1077,2029-04-25,2029,4,25,3,Wednesday,4,April,S1,T1,False
1078,2029-04-26,2029,4,26,4,Thursday,4,April,S1,T1,False
1079,2029-04-27,2029,4,27,5,Friday,4,April,S1,T1,False
1080,2029-04-28,2029,4,28,6,Saturday,4,April,S1,T1,True
1081,2029-04-29,2029,4,29,7,Sunday,5,April,S1,T1,True
1082,2029-04-30,2029,4,30,1,Monday,5,April,S1,T1,False
1083,2029-05-01,2029,5,1,2,Tuesday,1,May,S1,T2,False
1084,2029-05-02,2029,5,2,3,Wednesday,1,May,S1,T2,False
1085,2029-05-03,2029,5,3,4,Thursday,1,May,S1,T2,False
1086,2029-05-04,2029,5,4,5,Friday,1,May,S1,T2,False
1087,2029-05-05,2029,5,5,6,Saturday,1,May,S1,T2,True
1088,2029-05-06,2029,5,6,7,Sunday,1,May,S1,T2,True
1089,2029-05-07,2029,5,7,1,Monday,1,May,S1,T2,False
1090,2029-05-08,2029,5,8,2,Tuesday,2,May,S1,T2,False
1091,2029-05-09,2029,5,9,3,Wednesday,2,May,S1,T2,False
1092,2029-05-10,2029,5,10,4,Thursday,2,May,S1,T2,False
1093,2029-05-11,2029,5,11,5,Friday,2,May,S1,T2,False
1094,2029-05-12,2029,5,12,6,Saturday,2,May,S1,T2,True
1095,2029-05-13,2029,5,13,7,Sunday,2,May,S1,T2,True
1096,2029-05-14,2029,5,14,1,Monday,2,May,S1,T2,False
1097,2029-05-15,2029,5,15,2,Tuesday,3,May,S1,T2,False
1098,2029-05-16,2029,5,16,3,Wednesday,3,May,S1,T2,False
1099,2029-05-17,2029,5,17,4,Thursday,3,May,S1,T2,False
1100,2029-05-18,2029,5,18,5,Friday,3,May,S1,T2,False
1101,2029-05-19,2029,5,19,6,Saturday,3,May,S1,T2,True
1102,2029-05-20,2029,5,20,7,Sunday,3,May,S1,T2,True
1103,2029-05-21,2029,5,21,1,Monday,3,May,S1,T2,False
1104,2029-05-22,2029,5,22,2,Tuesday,4,May,S1,T2,False
1105,2029-05-23,2029,5,23,3,Wednesday,4,May,S1,T2,False
1106,2029-05-24,2029,5,24,4,Thursday,4,May,S1,T2,False
1107,2029-05-25,2029,5,25,5,Friday,4,May,S1,T2,False
1108,2029-05-26,2029,5,26,6,Saturday,4,May,S1,T2,True
1109,2029-05-27,2029,5,27,7,Sunday,4,May,S1,T2,True
1110,2029-05-28,2029,5,28,1,Monday,4,May,S1,T2,False
1111,2029-05-29,2029,5,29,2,Tuesday,5,May,S1,T2,False
1112,2029-05-30,2029,5,30,3,Wednesday,5,May,S1,T2,False
1113,2029-05-31,2029,5,31,4,Thursday,5,May,S1,T2,False
1114,2029-06-01,2029,6,1,5,Friday,1,June,S1,T2,False
1115,2029-06-02,2029,6,2,6,Saturday,1,June,S1,T2,True
1116,2029-06-03,2029,6,3,7,Sunday,1,June,S1,T2,True
1117,2029-06-04,2029,6,4,1,Monday,1,June,S1,T2,False
1118,2029-06-05,2029,6,5,2,Tuesday,1,June,S1,T2,False
1119,2029-06-06,2029,6,6,3,Wednesday,1,June,S1,T2,False
1120,2029-06-07,2029,6,7,4,Thursday,1,June,S1,T2,False
1121,2029-06-08,2029,6,8,5,Friday,2,June,S1,T2,False
1122,2029-06-09,2029,6,9,6,Saturday,2,June,S1,T2,True
1123,2029-06-10,2029,6,10,7,Sunday,2,June,S1,T2,True
1124,2029-06-11,2029,6,11,1,Monday,2,June,S1,T2,False
1125,2029-06-12,2029,6,12,2,Tuesday,2,June,S1,T2,False
1126,2029-06-13,2029,6,13,3,Wednesday,2,June,S1,T2,False
1127,2029-06-14,2029,6,14,4,Thursday,2,June,S1,T2,False
1128,2029-06-15,2029,6,15,5,Friday,3,June,S1,T2,False
1129,2029-06-16,2029,6,16,6,Saturday,3,June,S1,T2,True
1130,2029-06-17,2029,6,17,7,Sunday,3,June,S1,T2,True
1131,2029-06-18,2029,6,18,1,Monday,3,June,S1,T2,False
1132,2029-06-19,2029,6,19,2,Tuesday,3,June,S1,T2,False
1133,2029-06-20,2029,6,20,3,Wednesday,3,June,S1,T2,False
1134,2029-06-21,2029,6,21,4,Thursday,3,June,S1,T2,False
1135,2029-06-22,2029,6,22,5,Friday,4,June,S1,T2,False
1136,2029-06-23,2029,6,23,6,Saturday,4,June,S1,T2,True
1137,2029-06-24,2029,6,24,7,Sunday,4,June,S1,T2,True
1138,2029-06-25,2029,6,25,1,Monday,4,June,S1,T2,False
1139,2029-06-26,2029,6,26,2,Tuesday,4,June,S1,T2,False
1140,2029-06-27,2029,6,27,3,Wednesday,4,June,S1,T2,False
1141,2029-06-28,2029,6,28,4,Thursday,4,June,S1,T2,False
1142,2029-06-29,2029,6,29,5,Friday,5,June,S1,T2,False
1143,2029-06-30,2029,6,30,6,Saturday,5,June,S1,T2,True
1144,2029-07-01,2029,7,1,7,Sunday,1,July,S2,T2,True
1145,2029-07-02,2029,7,2,1,Monday,1,July,S2,T2,False
1146,2029-07-03,2029,7,3,2,Tuesday,1,July,S2,T2,False
1147,2029-07-04,2029,7,4,3,Wednesday,1,July,S2,T2,False
1148,2029-07-05,2029,7,5,4,Thursday,1,July,S2,T2,False
1149,2029-07-06,2029,7,6,5,Friday,1,July,S2,T2,False
1150,2029-07-07,2029,7,7,6,Saturday,1,July,S2,T2,True
1151,2029-07-08,2029,7,8,7,Sunday,2,July,S2,T2,True
1152,2029-07-09,2029,7,9,1,Monday,2,July,S2,T2,False
1153,2029-07-10,2029,7,10,2,Tuesday,2,July,S2,T2,False
1154,2029-07-11,2029,7,11,3,Wednesday,2,July,S2,T2,False
1155,2029-07-12,2029,7,12,4,Thursday,2,July,S2,T2,False
1156,2029-07-13,2029,7,13,5,Friday,2,July,S2,T2,False
1157,2029-07-14,2029,7,14,6,Saturday,2,July,S2,T2,True
1158,2029-07-15,2029,7,15,7,Sunday,3,July,S2,T2,True
1159,2029-07-16,2029,7,16,1,Monday,3,July,S2,T2,False
1160,2029-07-17,2029,7,17,2,Tuesday,3,July,S2,T2,False
1161,2029-07-18,2029,7,18,3,Wednesday,3,July,S2,T2,False
1162,2029-07-19,2029,7,19,4,Thursday,3,July,S2,T2,False
1163,2029-07-20,2029,7,20,5,Friday,3,July,S2,T2,False
1164,2029-07-21,2029,7,21,6,Saturday,3,July,S2,T2,True
1165,2029-07-22,2029,7,22,7,Sunday,4,July,S2,T2,True
1166,2029-07-23,2029,7,23,1,Monday,4,July,S2,T2,False
1167,2029-07-24,2029,7,24,2,Tuesday,4,July,S2,T2,False
1168,2029-07-25,2029,7,25,3,Wednesday,4,July,S2,T2,False
1169,2029-07-26,2029,7,26,4,Thursday,4,July,S2,T2,False
1170,2029-07-27,2029,7,27,5,Friday,4,July,S2,T2,False
1171,2029-07-28,2029,7,28,6,Saturday,4,July,S2,T2,True
1172,2029-07-29,2029,7,29,7,Sunday,5,July,S2,T2,True
1173,2029-07-30,2029,7,30,1,Monday,5,July,S2,T2,False
1174,2029-07-31,2029,7,31,2,Tuesday,5,July,S2,T2,False
1175,2029-08-01,2029,8,1,3,Wednesday,1,August,S2,T2,False
1176,2029-08-02,2029,8,2,4,Thursday,1,August,S2,T2,False
1177,2029-08-03,2029,8,3,5,Friday,1,August,S2,T2,False
1178,2029-08-04,2029,8,4,6,Saturday,1,August,S2,T2,True
1179,2029-08-05,2029,8,5,7,Sunday,1,August,S2,T2,True
1180,2029-08-06,2029,8,6,1,Monday,1,August,S2,T2,False
1181,2029-08-07,2029,8,7,2,Tuesday,1,August,S2,T2,False
1182,2029-08-08,2029,8,8,3,Wednesday,2,August,S2,T2,False
1183,2029-08-09,2029,8,9,4,Thursday,2,August,S2,T2,False
1184,2029-08-10,2029,8,10,5,Friday,2,August,S2,T2,False
1185,2029-08-11,2029,8,11,6,Saturday,2,August,S2,T2,True
1186,2029-08-12,2029,8,12,7,Sunday,2,August,S2,T2,True
1187,2029-08-13,2029,8,13,1,Monday,2,August,S2,T2,False
1188,2029-08-14,2029,8,14,2,Tuesday,2,August,S2,T2,False
1189,2029-08-15,2029,8,15,3,Wednesday,3,August,S2,T2,False
1190,2029-08-16,2029,8,16,4,Thursday,3,August,S2,T2,False
1191,2029-08-17,2029,8,17,5,Friday,3,August,S2,T2,False
1192,2029-08-18,2029,8,18,6,Saturday,3,August,S2,T2,True
1193,2029-08-19,2029,8,19,7,Sunday,3,August,S2,T2,True
1194,2029-08-20,2029,8,20,1,Monday,3,August,S2,T2,False
1195,2029-08-21,2029,8,21,2,Tuesday,3,August,S2,T2,False
1196,2029-08-22,2029,8,22,3,Wednesday,4,August,S2,T2,False
1197,2029-08-23,2029,8,23,4,Thursday,4,August,S2,T2,False
1198,2029-08-24,2029,8,24,5,Friday,4,August,S2,T2,False
1199,2029-08-25,2029,8,25,6,Saturday,4,August,S2,T2,True
1200,2029-08-26,2029,8,26,7,Sunday,4,August,S2,T2,True
1201,2029-08-27,2029,8,27,1,Monday,4,August,S2,T2,False
1202,2029-08-28,2029,8,28,2,Tuesday,4,August,S2,T2,False
1203,2029-08-29,2029,8,29,3,Wednesday,5,August,S2,T2,False
1204,2029-08-30,2029,8,30,4,Thursday,5,August,S2,T2,False
1205,2029-08-31,2029,8,31,5,Friday,5,August,S2,T2,False
1206,2029-09-01,2029,9,1,6,Saturday,1,September,S2,T3,True
1207,2029-09-02,2029,9,2,7,Sunday,1,September,S2,T3,True
1208,2029-09-03,2029,9,3,1,Monday,1,September,S2,T3,False
1209,2029-09-04,2029,9,4,2,Tuesday,1,September,S2,T3,False
1210,2029-09-05,2029,9,5,3,Wednesday,1,September,S2,T3,False
1211,2029-09-06,2029,9,6,4,Thursday,1,September,S2,T3,False
1212,2029-09-07,2029,9,7,5,Friday,1,September,S2,T3,False
1213,2029-09-08,2029,9,8,6,Saturday,2,September,S2,T3,True
1214,2029-09-09,2029,9,9,7,Sunday,2,September,S2,T3,True
1215,2029-09-10,2029,9,10,1,Monday,2,September,S2,T3,False
1216,2029-09-11,2029,9,11,2,Tuesday,2,September,S2,T3,False
1217,2029-09-12,2029,9,12,3,Wednesday,2,September,S2,T3,False
1218,2029-09-13,2029,9,13,4,Thursday,2,September,S2,T3,False
1219,2029-09-14,2029,9,14,5,Friday,2,September,S2,T3,False
1220,2029-09-15,2029,9,15,6,Saturday,3,September,S2,T3,True
1221,2029-09-16,2029,9,16,7,Sunday,3,September,S2,T3,True
1222,2029-09-17,2029,9,17,1,Monday,3,September,S2,T3,False
1223,2029-09-18,2029,9,18,2,Tuesday,3,September,S2,T3,False
1224,2029-09-19,2029,9,19,3,Wednesday,3,September,S2,T3,False
1225,2029-09-20,2029,9,20,4,Thursday,3,September,S2,T3,False
1226,2029-09-21,2029,9,21,5,Friday,3,September,S2,T3,False
1227,2029-09-22,2029,9,22,6,Saturday,4,September,S2,T3,True
1228,2029-09-23,2029,9,23,7,Sunday,4,September,S2,T3,True
1229,2029-09-24,2029,9,24,1,Monday,4,September,S2,T3,False
1230,2029-09-25,2029,9,25,2,Tuesday,4,September,S2,T3,False
1231,2029-09-26,2029,9,26,3,Wednesday,4,September,S2,T3,False
1232,2029-09-27,2029,9,27,4,Thursday,4,September,S2,T3,False
1233,2029-09-28,2029,9,28,5,Friday,4,September,S2,T3,False
1234,2029-09-29,2029,9,29,6,Saturday,5,September,S2,T3,True
1235,2029-09-30,2029,9,30,7,Sunday,5,September,S2,T3,True
1236,2029-10-01,2029,10,1,1,Monday,1,October,S2,T3,False
1237,2029-10-02,2029,10,2,2,Tuesday,1,October,S2,T3,False
1238,2029-10-03,2029,10,3,3,Wednesday,1,October,S2,T3,False
1239,2029-10-04,2029,10,4,4,Thursday,1,October,S2,T3,False
1240,2029-10-05,2029,10,5,5,Friday,1,October,S2,T3,False
1241,2029-10-06,2029,10,6,6,Saturday,1,October,S2,T3,True
1242,2029-10-07,2029,10,7,7,Sunday,1,October,S2,T3,True
1243,2029-10-08,2029,10,8,1,Monday,2,October,S2,T3,False
1244,2029-10-09,2029,10,9,2,Tuesday,2,October,S2,T3,False
1245,2029-10-10,2029,10,10,3,Wednesday,2,October,S2,T3,False
1246,2029-10-11,2029,10,11,4,Thursday,2,October,S2,T3,False
1247,2029-10-12,2029,10,12,5,Friday,2,October,S2,T3,False
1248,2029-10-13,2029,10,13,6,Saturday,2,October,S2,T3,True
1249,2029-10-14,2029,10,14,7,Sunday,2,October,S2,T3,True
1250,2029-10-15,2029,10,15,1,Monday,3,October,S2,T3,False
1251,2029-10-16,2029,10,16,2,Tuesday,3,October,S2,T3,False
1252,2029-10-17,2029,10,17,3,Wednesday,3,October,S2,T3,False
1253,2029-10-18,2029,10,18,4,Thursday,3,October,S2,T3,False
1254,2029-10-19,2029,10,19,5,Friday,3,October,S2,T3,False
1255,2029-10-20,2029,10,20,6,Saturday,3,October,S2,T3,True
1256,2029-10-21,2029,10,21,7,Sunday,3,October,S2,T3,True
1257,2029-10-22,2029,10,22,1,Monday,4,October,S2,T3,False
1258,2029-10-23,2029,10,23,2,Tuesday,4,October,S2,T3,False
1259,2029-10-24,2029,10,24,3,Wednesday,4,October,S2,T3,False
1260,2029-10-25,2029,10,25,4,Thursday,4,October,S2,T3,False
1261,2029-10-26,2029,10,26,5,Friday,4,October,S2,T3,False
1262,2029-10-27,2029,10,27,6,Saturday,4,October,S2,T3,True
1263,2029-10-28,2029,10,28,7,Sunday,4,October,S2,T3,True
1264,2029-10-29,2029,10,29,1,Monday,5,October,S2,T3,False
1265,2029-10-30,2029,10,30,2,Tuesday,5,October,S2,T3,False
1266,2029-10-31,2029,10,31,3,Wednesday,5,October,S2,T3,False
1267,2029-11-01,2029,11,1,4,Thursday,1,November,S2,T3,False
1268,2029-11-02,2029,11,2,5,Friday,1,November,S2,T3,False
1269,2029-11-03,2029,11,3,6,Saturday,1,November,S2,T3,True
1270,2029-11-04,2029,11,4,7,Sunday,1,November,S2,T3,True
1271,2029-11-05,2029,11,5,1,Monday,1,November,S2,T3,False
1272,2029-11-06,2029,11,6,2,Tuesday,1,November,S2,T3,False
1273,2029-11-07,2029,11,7,3,Wednesday,1,November,S2,T3,False
1274,2029-11-08,2029,11,8,4,Thursday,2,November,S2,T3,False
1275,2029-11-09,2029,11,9,5,Friday,2,November,S2,T3,False
1276,2029-11-10,2029,11,10,6,Saturday,2,November,S2,T3,True
1277,2029-11-11,2029,11,11,7,Sunday,2,November,S2,T3,True
1278,2029-11-12,2029,11,12,1,Monday,2,November,S2,T3,False
1279,2029-11-13,2029,11,13,2,Tuesday,2,November,S2,T3,False
1280,2029-11-14,2029,11,14,3,Wednesday,2,November,S2,T3,False
1281,2029-11-15,2029,11,15,4,Thursday,3,November,S2,T3,False
1282,2029-11-16,2029,11,16,5,Friday,3,November,S2,T3,False
1283,2029-11-17,2029,11,17,6,Saturday,3,November,S2,T3,True
1284,2029-11-18,2029,11,18,7,Sunday,3,November,S2,T3,True
1285,2029-11-19,2029,11,19,1,Monday,3,November,S2,T3,False
1286,2029-11-20,2029,11,20,2,Tuesday,3,November,S2,T3,False
1287,2029-11-21,2029,11,21,3,Wednesday,3,November,S2,T3,False
1288,2029-11-22,2029,11,22,4,Thursday,4,November,S2,T3,False
1289,2029-11-23,2029,11,23,5,Friday,4,November,S2,T3,False
1290,2029-11-24,2029,11,24,6,Saturday,4,November,S2,T3,True
1291,2029-11-25,2029,11,25,7,Sunday,4,November,S2,T3,True
1292,2029-11-26,2029,11,26,1,Monday,4,November,S2,T3,False
1293,2029-11-27,2029,11,27,2,Tuesday,4,November,S2,T3,False
1294,2029-11-28,2029,11,28,3,Wednesday,4,November,S2,T3,False
1295,2029-11-29,2029,11,29,4,Thursday,5,November,S2,T3,False
1296,2029-11-30,2029,11,30,5,Friday,5,November,S2,T3,False
1297,2029-12-01,2029,12,1,6,Saturday,1,December,S2,T3,True
1298,2029-12-02,2029,12,2,7,Sunday,1,December,S2,T3,True
1299,2029-12-03,2029,12,3,1,Monday,1,December,S2,T3,False
1300,2029-12-04,2029,12,4,2,Tuesday,1,December,S2,T3,False
1301,2029-12-05,2029,12,5,3,Wednesday,1,December,S2,T3,False
1302,2029-12-06,2029,12,6,4,Thursday,1,December,S2,T3,False
1303,2029-12-07,2029,12,7,5,Friday,1,December,S2,T3,False
1304,2029-12-08,2029,12,8,6,Saturday,2,December,S2,T3,True
1305,2029-12-09,2029,12,9,7,Sunday,2,December,S2,T3,True
1306,2029-12-10,2029,12,10,1,Monday,2,December,S2,T3,False
1307,2029-12-11,2029,12,11,2,Tuesday,2,December,S2,T3,False
1308,2029-12-12,2029,12,12,3,Wednesday,2,December,S2,T3,False
1309,2029-12-13,2029,12,13,4,Thursday,2,December,S2,T3,False
1310,2029-12-14,2029,12,14,5,Friday,2,December,S2,T3,False
1311,2029-12-15,2029,12,15,6,Saturday,3,December,S2,T3,True
1312,2029-12-16,2029,12,16,7,Sunday,3,December,S2,T3,True
1313,2029-12-17,2029,12,17,1,Monday,3,December,S2,T3,False
1314,2029-12-18,2029,12,18,2,Tuesday,3,December,S2,T3,False
1315,2029-12-19,2029,12,19,3,Wednesday,3,December,S2,T3,False
1316,2029-12-20,2029,12,20,4,Thursday,3,December,S2,T3,False
1317,2029-12-21,2029,12,21,5,Friday,3,December,S2,T3,False
1318,2029-12-22,2029,12,22,6,Saturday,4,December,S2,T3,True
1319,2029-12-23,2029,12,23,7,Sunday,4,December,S2,T3,True
1320,2029-12-24,2029,12,24,1,Monday,4,December,S2,T3,False
1321,2029-12-25,2029,12,25,2,Tuesday,4,December,S2,T3,False
1322,2029-12-26,2029,12,26,3,Wednesday,4,December,S2,T3,False
1323,2029-12-27,2029,12,27,4,Thursday,4,December,S2,T3,False
1324,2029-12-28,2029,12,28,5,Friday,4,December,S2,T3,False
1325,2029-12-29,2029,12,29,6,Saturday,5,December,S2,T3,True
1326,2029-12-30,2029,12,30,7,Sunday,5,December,S2,T3,True
1327,2029-12-31,2029,12,31,1,Monday,5,December,S2,T3,False
1328,2030-01-01,2030,1,1,2,Tuesday,1,January,S1,T1,False
1329,2030-01-02,2030,1,2,3,Wednesday,1,January,S1,T1,False
1330,2030-01-03,2030,1,3,4,Thursday,1,January,S1,T1,False
1331,2030-01-04,2030,1,4,5,Friday,1,January,S1,T1,False
1332,2030-01-05,2030,1,5,6,Saturday,1,January,S1,T1,True
1333,2030-01-06,2030,1,6,7,Sunday,1,January,S1,T1,True
1334,2030-01-07,2030,1,7,1,Monday,1,January,S1,T1,False
1335,2030-01-08,2030,1,8,2,Tuesday,2,January,S1,T1,False
1336,2030-01-09,2030,1,9,3,Wednesday,2,January,S1,T1,False
1337,2030-01-10,2030,1,10,4,Thursday,2,January,S1,T1,False
1338,2030-01-11,2030,1,11,5,Friday,2,January,S1,T1,False
1339,2030-01-12,2030,1,12,6,Saturday,2,January,S1,T1,True
1340,2030-01-13,2030,1,13,7,Sunday,2,January,S1,T1,True
1341,2030-01-14,2030,1,14,1,Monday,2,January,S1,T1,False
1342,2030-01-15,2030,1,15,2,Tuesday,3,January,S1,T1,False
1343,2030-01-16,2030,1,16,3,Wednesday,3,January,S1,T1,False
1344,2030-01-17,2030,1,17,4,Thursday,3,January,S1,T1,False
1345,2030-01-18,2030,1,18,5,Friday,3,January,S1,T1,False
1346,2030-01-19,2030,1,19,6,Saturday,3,January,S1,T1,True
1347,2030-01-20,2030,1,20,7,Sunday,3,January,S1,T1,True
1348,2030-01-21,2030,1,21,1,Monday,3,January,S1,T1,False
1349,2030-01-22,2030,1,22,2,Tuesday,4,January,S1,T1,False
1350,2030-01-23,2030,1,23,3,Wednesday,4,January,S1,T1,False
1351,2030-01-24,2030,1,24,4,Thursday,4,January,S1,T1,False
1352,2030-01-25,2030,1,25,5,Friday,4,January,S1,T1,False
1353,2030-01-26,2030,1,26,6,Saturday,4,January,S1,T1,True
1354,2030-01-27,2030,1,27,7,Sunday,4,January,S1,T1,True
1355,2030-01-28,2030,1,28,1,Monday,4,January,S1,T1,False
1356,2030-01-29,2030,1,29,2,Tuesday,5,January,S1,T1,False
1357,2030-01-30,2030,1,30,3,Wednesday,5,January,S1,T1,False
1358,2030-01-31,2030,1,31,4,Thursday,5,January,S1,T1,False
1359,2030-02-01,2030,2,1,5,Friday,1,February,S1,T1,False
1360,2030-02-02,2030,2,2,6,Saturday,1,February,S1,T1,True
1361,2030-02-03,2030,2,3,7,Sunday,1,February,S1,T1,True
1362,2030-02-04,2030,2,4,1,Monday,1,February,S1,T1,False
1363,2030-02-05,2030,2,5,2,Tuesday,1,February,S1,T1,False
1364,2030-02-06,2030,2,6,3,Wednesday,1,February,S1,T1,False
1365,2030-02-07,2030,2,7,4,Thursday,1,February,S1,T1,False
1366,2030-02-08,2030,2,8,5,Friday,2,February,S1,T1,False
1367,2030-02-09,2030,2,9,6,Saturday,2,February,S1,T1,True
1368,2030-02-10,2030,2,10,7,Sunday,2,February,S1,T1,True
1369,2030-02-11,2030,2,11,1,Monday,2,February,S1,T1,False
1370,2030-02-12,2030,2,12,2,Tuesday,2,February,S1,T1,False
1371,2030-02-13,2030,2,13,3,Wednesday,2,February,S1,T1,False
1372,2030-02-14,2030,2,14,4,Thursday,2,February,S1,T1,False
1373,2030-02-15,2030,2,15,5,Friday,3,February,S1,T1,False
1374,2030-02-16,2030,2,16,6,Saturday,3,February,S1,T1,True
1375,2030-02-17,2030,2,17,7,Sunday,3,February,S1,T1,True
1376,2030-02-18,2030,2,18,1,Monday,3,February,S1,T1,False
1377,2030-02-19,2030,2,19,2,Tuesday,3,February,S1,T1,False
1378,2030-02-20,2030,2,20,3,Wednesday,3,February,S1,T1,False
1379,2030-02-21,2030,2,21,4,Thursday,3,February,S1,T1,False
1380,2030-02-22,2030,2,22,5,Friday,4,February,S1,T1,False
1381,2030-02-23,2030,2,23,6,Saturday,4,February,S1,T1,True
1382,2030-02-24,2030,2,24,7,Sunday,4,February,S1,T1,True
1383,2030-02-25,2030,2,25,1,Monday,4,February,S1,T1,False
1384,2030-02-26,2030,2,26,2,Tuesday,4,February,S1,T1,False
1385,2030-02-27,2030,2,27,3,Wednesday,4,February,S1,T1,False
1386,2030-02-28,2030,2,28,4,Thursday,4,February,S1,T1,False
1387,2030-03-01,2030,3,1,5,Friday,1,March,S1,T1,False
1388,2030-03-02,2030,3,2,6,Saturday,1,March,S1,T1,True
1389,2030-03-03,2030,3,3,7,Sunday,1,March,S1,T1,True
1390,2030-03-04,2030,3,4,1,Monday,1,March,S1,T1,False
1391,2030-03-05,2030,3,5,2,Tuesday,1,March,S1,T1,False
1392,2030-03-06,2030,3,6,3,Wednesday,1,March,S1,T1,False
1393,2030-03-07,2030,3,7,4,Thursday,1,March,S1,T1,False
1394,2030-03-08,2030,3,8,5,Friday,2,March,S1,T1,False
1395,2030-03-09,2030,3,9,6,Saturday,2,March,S1,T1,True
1396,2030-03-10,2030,3,10,7,Sunday,2,March,S1,T1,True
1397,2030-03-11,2030,3,11,1,Monday,2,March,S1,T1,False
1398,2030-03-12,2030,3,12,2,Tuesday,2,March,S1,T1,False
1399,2030-03-13,2030,3,13,3,Wednesday,2,March,S1,T1,False
1400,2030-03-14,2030,3,14,4,Thursday,2,March,S1,T1,False
1401,2030-03-15,2030,3,15,5,Friday,3,March,S1,T1,False
1402,2030-03-16,2030,3,16,6,Saturday,3,March,S1,T1,True
1403,2030-03-17,2030,3,17,7,Sunday,3,March,S1,T1,True
1404,2030-03-18,2030,3,18,1,Monday,3,March,S1,T1,False
1405,2030-03-19,2030,3,19,2,Tuesday,3,March,S1,T1,False
1406,2030-03-20,2030,3,20,3,Wednesday,3,March,S1,T1,False
1407,2030-03-21,2030,3,21,4,Thursday,3,March,S1,T1,False
1408,2030-03-22,2030,3,22,5,Friday,4,March,S1,T1,False
1409,2030-03-23,2030,3,23,6,Saturday,4,March,S1,T1,True
1410,2030-03-24,2030,3,24,7,Sunday,4,March,S1,T1,True
1411,2030-03-25,2030,3,25,1,Monday,4,March,S1,T1,False
1412,2030-03-26,2030,3,26,2,Tuesday,4,March,S1,T1,False
1413,2030-03-27,2030,3,27,3,Wednesday,4,March,S1,T1,False
1414,2030-03-28,2030,3,28,4,Thursday,4,March,S1,T1,False
1415,2030-03-29,2030,3,29,5,Friday,5,March,S1,T1,False
1416,2030-03-30,2030,3,30,6,Saturday,5,March,S1,T1,True
1417,2030-03-31,2030,3,31,7,Sunday,5,March,S1,T1,True
1418,2030-04-01,2030,4,1,1,Monday,1,April,S1,T1,False
1419,2030-04-02,2030,4,2,2,Tuesday,1,April,S1,T1,False
1420,2030-04-03,2030,4,3,3,Wednesday,1,April,S1,T1,False
1421,2030-04-04,2030,4,4,4,Thursday,1,April,S1,T1,False
1422,2030-04-05,2030,4,5,5,Friday,1,April,S1,T1,False
1423,2030-04-06,2030,4,6,6,Saturday,1,April,S1,T1,True
1424,2030-04-07,2030,4,7,7,Sunday,1,April,S1,T1,True
1425,2030-04-08,2030,4,8,1,Monday,2,April,S1,T1,False
1426,2030-04-09,2030,4,9,2,Tuesday,2,April,S1,T1,False
1427,2030-04-10,2030,4,10,3,Wednesday,2,April,S1,T1,False
1428,2030-04-11,2030,4,11,4,Thursday,2,April,S1,T1,False
1429,2030-04-12,2030,4,12,5,Friday,2,April,S1,T1,False
1430,2030-04-13,2030,4,13,6,Saturday,2,April,S1,T1,True
1431,2030-04-14,2030,4,14,7,Sunday,2,April,S1,T1,True
1432,2030-04-15,2030,4,15,1,Monday,3,April,S1,T1,False
1433,2030-04-16,2030,4,16,2,Tuesday,3,April,S1,T1,False
1434,2030-04-17,2030,4,17,3,Wednesday,3,April,S1,T1,False
1435,2030-04-18,2030,4,18,4,Thursday,3,April,S1,T1,False
1436,2030-04-19,2030,4,19,5,Friday,3,April,S1,T1,False
1437,2030-04-20,2030,4,20,6,Saturday,3,April,S1,T1,True
1438,2030-04-21,2030,4,21,7,Sunday,3,April,S1,T1,True
1439,2030-04-22,2030,4,22,1,Monday,4,April,S1,T1,False
1440,2030-04-23,2030,4,23,2,Tuesday,4,April,S1,T1,False
1441,2030-04-24,2030,4,24,3,Wednesday,4,April,S1,T1,False
1442,2030-04-25,2030,4,25,4,Thursday,4,April,S1,T1,False
1443,2030-04-26,2030,4,26,5,Friday,4,April,S1,T1,False
1444,2030-04-27,2030,4,27,6,Saturday,4,April,S1,T1,True
1445,2030-04-28,2030,4,28,7,Sunday,4,April,S1,T1,True
1446,2030-04-29,2030,4,29,1,Monday,5,April,S1,T1,False
1447,2030-04-30,2030,4,30,2,Tuesday,5,April,S1,T1,False
1448,2030-05-01,2030,5,1,3,Wednesday,1,May,S1,T2,False
1449,2030-05-02,2030,5,2,4,Thursday,1,May,S1,T2,False
1450,2030-05-03,2030,5,3,5,Friday,1,May,S1,T2,False
1451,2030-05-04,2030,5,4,6,Saturday,1,May,S1,T2,True
1452,2030-05-05,2030,5,5,7,Sunday,1,May,S1,T2,True
1453,2030-05-06,2030,5,6,1,Monday,1,May,S1,T2,False
1454,2030-05-07,2030,5,7,2,Tuesday,1,May,S1,T2,False
1455,2030-05-08,2030,5,8,3,Wednesday,2,May,S1,T2,False
1456,2030-05-09,2030,5,9,4,Thursday,2,May,S1,T2,False
1457,2030-05-10,2030,5,10,5,Friday,2,May,S1,T2,False
1458,2030-05-11,2030,5,11,6,Saturday,2,May,S1,T2,True
1459,2030-05-12,2030,5,12,7,Sunday,2,May,S1,T2,True
1460,2030-05-13,2030,5,13,1,Monday,2,May,S1,T2,False
1461,2030-05-14,2030,5,14,2,Tuesday,2,May,S1,T2,False
1462,2030-05-15,2030,5,15,3,Wednesday,3,May,S1,T2,False
1463,2030-05-16,2030,5,16,4,Thursday,3,May,S1,T2,False
1464,2030-05-17,2030,5,17,5,Friday,3,May,S1,T2,False
1465,2030-05-18,2030,5,18,6,Saturday,3,May,S1,T2,True
1466,2030-05-19,2030,5,19,7,Sunday,3,May,S1,T2,True
1467,2030-05-20,2030,5,20,1,Monday,3,May,S1,T2,False
1468,2030-05-21,2030,5,21,2,Tuesday,3,May,S1,T2,False
1469,2030-05-22,2030,5,22,3,Wednesday,4,May,S1,T2,False
1470,2030-05-23,2030,5,23,4,Thursday,4,May,S1,T2,False
1471,2030-05-24,2030,5,24,5,Friday,4,May,S1,T2,False
1472,2030-05-25,2030,5,25,6,Saturday,4,May,S1,T2,True
1473,2030-05-26,2030,5,26,7,Sunday,4,May,S1,T2,True
1474,2030-05-27,2030,5,27,1,Monday,4,May,S1,T2,False
1475,2030-05-28,2030,5,28,2,Tuesday,4,May,S1,T2,False
1476,2030-05-29,2030,5,29,3,Wednesday,5,May,S1,T2,False
1477,2030-05-30,2030,5,30,4,Thursday,5,May,S1,T2,False
1478,2030-05-31,2030,5,31,5,Friday,5,May,S1,T2,False
1479,2030-06-01,2030,6,1,6,Saturday,1,June,S1,T2,True
1480,2030-06-02,2030,6,2,7,Sunday,1,June,S1,T2,True
1481,2030-06-03,2030,6,3,1,Monday,1,June,S1,T2,False
1482,2030-06-04,2030,6,4,2,Tuesday,1,June,S1,T2,False
1483,2030-06-05,2030,6,5,3,Wednesday,1,June,S1,T2,False
1484,2030-06-06,2030,6,6,4,Thursday,1,June,S1,T2,False
1485,2030-06-07,2030,6,7,5,Friday,1,June,S1,T2,False
1486,2030-06-08,2030,6,8,6,Saturday,2,June,S1,T2,True
1487,2030-06-09,2030,6,9,7,Sunday,2,June,S1,T2,True
1488,2030-06-10,2030,6,10,1,Monday,2,June,S1,T2,False
1489,2030-06-11,2030,6,11,2,Tuesday,2,June,S1,T2,False
1490,2030-06-12,2030,6,12,3,Wednesday,2,June,S1,T2,False
1491,2030-06-13,2030,6,13,4,Thursday,2,June,S1,T2,False
1492,2030-06-14,2030,6,14,5,Friday,2,June,S1,T2,False
1493,2030-06-15,2030,6,15,6,Saturday,3,June,S1,T2,True
1494,2030-06-16,2030,6,16,7,Sunday,3,June,S1,T2,True
1495,2030-06-17,2030,6,17,1,Monday,3,June,S1,T2,False
1496,2030-06-18,2030,6,18,2,Tuesday,3,June,S1,T2,False
1497,2030-06-19,2030,6,19,3,Wednesday,3,June,S1,T2,False
1498,2030-06-20,2030,6,20,4,Thursday,3,June,S1,T2,False
1499,2030-06-21,2030,6,21,5,Friday,3,June,S1,T2,False
1500,2030-06-22,2030,6,22,6,Saturday,4,June,S1,T2,True
1501,2030-06-23,2030,6,23,7,Sunday,4,June,S1,T2,True
1502,2030-06-24,2030,6,24,1,Monday,4,June,S1,T2,False
1503,2030-06-25,2030,6,25,2,Tuesday,4,June,S1,T2,False
1504,2030-06-26,2030,6,26,3,Wednesday,4,June,S1,T2,False
1505,2030-06-27,2030,6,27,4,Thursday,4,June,S1,T2,False
1506,2030-06-28,2030,6,28,5,Friday,4,June,S1,T2,False
1507,2030-06-29,2030,6,29,6,Saturday,5,June,S1,T2,True
1508,2030-06-30,2030,6,30,7,Sunday,5,June,S1,T2,True
1509,2030-07-01,2030,7,1,1,Monday,1,July,S2,T2,False
1510,2030-07-02,2030,7,2,2,Tuesday,1,July,S2,T2,False
1511,2030-07-03,2030,7,3,3,Wednesday,1,July,S2,T2,False
1512,2030-07-04,2030,7,4,4,Thursday,1,July,S2,T2,False
1513,2030-07-05,2030,7,5,5,Friday,1,July,S2,T2,False
1514,2030-07-06,2030,7,6,6,Saturday,1,July,S2,T2,True
1515,2030-07-07,2030,7,7,7,Sunday,1,July,S2,T2,True
1516,2030-07-08,2030,7,8,1,Monday,2,July,S2,T2,False
1517,2030-07-09,2030,7,9,2,Tuesday,2,July,S2,T2,False
1518,2030-07-10,2030,7,10,3,Wednesday,2,July,S2,T2,False
1519,2030-07-11,2030,7,11,4,Thursday,2,July,S2,T2,False
1520,2030-07-12,2030,7,12,5,Friday,2,July,S2,T2,False
1521,2030-07-13,2030,7,13,6,Saturday,2,July,S2,T2,True
1522,2030-07-14,2030,7,14,7,Sunday,2,July,S2,T2,True
1523,2030-07-15,2030,7,15,1,Monday,3,July,S2,T2,False
1524,2030-07-16,2030,7,16,2,Tuesday,3,July,S2,T2,False
1525,2030-07-17,2030,7,17,3,Wednesday,3,July,S2,T2,False
1526,2030-07-18,2030,7,18,4,Thursday,3,July,S2,T2,False
1527,2030-07-19,2030,7,19,5,Friday,3,July,S2,T2,False
1528,2030-07-20,2030,7,20,6,Saturday,3,July,S2,T2,True
1529,2030-07-21,2030,7,21,7,Sunday,3,July,S2,T2,True
1530,2030-07-22,2030,7,22,1,Monday,4,July,S2,T2,False
1531,2030-07-23,2030,7,23,2,Tuesday,4,July,S2,T2,False
1532,2030-07-24,2030,7,24,3,Wednesday,4,July,S2,T2,False
1533,2030-07-25,2030,7,25,4,Thursday,4,July,S2,T2,False
1534,2030-07-26,2030,7,26,5,Friday,4,July,S2,T2,False
1535,2030-07-27,2030,7,27,6,Saturday,4,July,S2,T2,True
1536,2030-07-28,2030,7,28,7,Sunday,4,July,S2,T2,True
1537,2030-07-29,2030,7,29,1,Monday,5,July,S2,T2,False
1538,2030-07-30,2030,7,30,2,Tuesday,5,July,S2,T2,False
1539,2030-07-31,2030,7,31,3,Wednesday,5,July,S2,T2,False
1540,2030-08-01,2030,8,1,4,Thursday,1,August,S2,T2,False
1541,2030-08-02,2030,8,2,5,Friday,1,August,S2,T2,False
1542,2030-08-03,2030,8,3,6,Saturday,1,August,S2,T2,True
1543,2030-08-04,2030,8,4,7,Sunday,1,August,S2,T2,True
1544,2030-08-05,2030,8,5,1,Monday,1,August,S2,T2,False
1545,2030-08-06,2030,8,6,2,Tuesday,1,August,S2,T2,False
1546,2030-08-07,2030,8,7,3,Wednesday,1,August,S2,T2,False
1547,2030-08-08,2030,8,8,4,Thursday,2,August,S2,T2,False
1548,2030-08-09,2030,8,9,5,Friday,2,August,S2,T2,False
1549,2030-08-10,2030,8,10,6,Saturday,2,August,S2,T2,True
1550,2030-08-11,2030,8,11,7,Sunday,2,August,S2,T2,True
1551,2030-08-12,2030,8,12,1,Monday,2,August,S2,T2,False
1552,2030-08-13,2030,8,13,2,Tuesday,2,August,S2,T2,False
1553,2030-08-14,2030,8,14,3,Wednesday,2,August,S2,T2,False
1554,2030-08-15,2030,8,15,4,Thursday,3,August,S2,T2,False
1555,2030-08-16,2030,8,16,5,Friday,3,August,S2,T2,False
1556,2030-08-17,2030,8,17,6,Saturday,3,August,S2,T2,True
1557,2030-08-18,2030,8,18,7,Sunday,3,August,S2,T2,True
1558,2030-08-19,2030,8,19,1,Monday,3,August,S2,T2,False
1559,2030-08-20,2030,8,20,2,Tuesday,3,August,S2,T2,False
1560,2030-08-21,2030,8,21,3,Wednesday,3,August,S2,T2,False
1561,2030-08-22,2030,8,22,4,Thursday,4,August,S2,T2,False
1562,2030-08-23,2030,8,23,5,Friday,4,August,S2,T2,False
1563,2030-08-24,2030,8,24,6,Saturday,4,August,S2,T2,True
1564,2030-08-25,2030,8,25,7,Sunday,4,August,S2,T2,True
1565,2030-08-26,2030,8,26,1,Monday,4,August,S2,T2,False
1566,2030-08-27,2030,8,27,2,Tuesday,4,August,S2,T2,False
1567,2030-08-28,2030,8,28,3,Wednesday,4,August,S2,T2,False
1568,2030-08-29,2030,8,29,4,Thursday,5,August,S2,T2,False
1569,2030-08-30,2030,8,30,5,Friday,5,August,S2,T2,False
1570,2030-08-31,2030,8,31,6,Saturday,5,August,S2,T2,True
1571,2030-09-01,2030,9,1,7,Sunday,1,September,S2,T3,True
1572,2030-09-02,2030,9,2,1,Monday,1,September,S2,T3,False
1573,2030-09-03,2030,9,3,2,Tuesday,1,September,S2,T3,False
1574,2030-09-04,2030,9,4,3,Wednesday,1,September,S2,T3,False
1575,2030-09-05,2030,9,5,4,Thursday,1,September,S2,T3,False
1576,2030-09-06,2030,9,6,5,Friday,1,September,S2,T3,False
1577,2030-09-07,2030,9,7,6,Saturday,1,September,S2,T3,True
1578,2030-09-08,2030,9,8,7,Sunday,2,September,S2,T3,True
1579,2030-09-09,2030,9,9,1,Monday,2,September,S2,T3,False
1580,2030-09-10,2030,9,10,2,Tuesday,2,September,S2,T3,False
1581,2030-09-11,2030,9,11,3,Wednesday,2,September,S2,T3,False
1582,2030-09-12,2030,9,12,4,Thursday,2,September,S2,T3,False
1583,2030-09-13,2030,9,13,5,Friday,2,September,S2,T3,False
1584,2030-09-14,2030,9,14,6,Saturday,2,September,S2,T3,True
1585,2030-09-15,2030,9,15,7,Sunday,3,September,S2,T3,True
1586,2030-09-16,2030,9,16,1,Monday,3,September,S2,T3,False
1587,2030-09-17,2030,9,17,2,Tuesday,3,September,S2,T3,False
1588,2030-09-18,2030,9,18,3,Wednesday,3,September,S2,T3,False
1589,2030-09-19,2030,9,19,4,Thursday,3,September,S2,T3,False
1590,2030-09-20,2030,9,20,5,Friday,3,September,S2,T3,False
1591,2030-09-21,2030,9,21,6,Saturday,3,September,S2,T3,True
1592,2030-09-22,2030,9,22,7,Sunday,4,September,S2,T3,True
1593,2030-09-23,2030,9,23,1,Monday,4,September,S2,T3,False
1594,2030-09-24,2030,9,24,2,Tuesday,4,September,S2,T3,False
1595,2030-09-25,2030,9,25,3,Wednesday,4,September,S2,T3,False
1596,2030-09-26,2030,9,26,4,Thursday,4,September,S2,T3,False
1597,2030-09-27,2030,9,27,5,Friday,4,September,S2,T3,False
1598,2030-09-28,2030,9,28,6,Saturday,4,September,S2,T3,True
1599,2030-09-29,2030,9,29,7,Sunday,5,September,S2,T3,True
1600,2030-09-30,2030,9,30,1,Monday,5,September,S2,T3,False
1601,2030-10-01,2030,10,1,2,Tuesday,1,October,S2,T3,False
1602,2030-10-02,2030,10,2,3,Wednesday,1,October,S2,T3,False
1603,2030-10-03,2030,10,3,4,Thursday,1,October,S2,T3,False
1604,2030-10-04,2030,10,4,5,Friday,1,October,S2,T3,False
1605,2030-10-05,2030,10,5,6,Saturday,1,October,S2,T3,True
1606,2030-10-06,2030,10,6,7,Sunday,1,October,S2,T3,True
1607,2030-10-07,2030,10,7,1,Monday,1,October,S2,T3,False
1608,2030-10-08,2030,10,8,2,Tuesday,2,October,S2,T3,False
1609,2030-10-09,2030,10,9,3,Wednesday,2,October,S2,T3,False
1610,2030-10-10,2030,10,10,4,Thursday,2,October,S2,T3,False
1611,2030-10-11,2030,10,11,5,Friday,2,October,S2,T3,False
1612,2030-10-12,2030,10,12,6,Saturday,2,October,S2,T3,True
1613,2030-10-13,2030,10,13,7,Sunday,2,October,S2,T3,True
1614,2030-10-14,2030,10,14,1,Monday,2,October,S2,T3,False
1615,2030-10-15,2030,10,15,2,Tuesday,3,October,S2,T3,False
1616,2030-10-16,2030,10,16,3,Wednesday,3,October,S2,T3,False
1617,2030-10-17,2030,10,17,4,Thursday,3,October,S2,T3,False
1618,2030-10-18,2030,10,18,5,Friday,3,October,S2,T3,False
1619,2030-10-19,2030,10,19,6,Saturday,3,October,S2,T3,True
1620,2030-10-20,2030,10,20,7,Sunday,3,October,S2,T3,True
1621,2030-10-21,2030,10,21,1,Monday,3,October,S2,T3,False
1622,2030-10-22,2030,10,22,2,Tuesday,4,October,S2,T3,False
1623,2030-10-23,2030,10,23,3,Wednesday,4,October,S2,T3,False
1624,2030-10-24,2030,10,24,4,Thursday,4,October,S2,T3,False
1625,2030-10-25,2030,10,25,5,Friday,4,October,S2,T3,False
1626,2030-10-26,2030,10,26,6,Saturday,4,October,S2,T3,True
1627,2030-10-27,2030,10,27,7,Sunday,4,October,S2,T3,True
1628,2030-10-28,2030,10,28,1,Monday,4,October,S2,T3,False
1629,2030-10-29,2030,10,29,2,Tuesday,5,October,S2,T3,False
1630,2030-10-30,2030,10,30,3,Wednesday,5,October,S2,T3,False
1631,2030-10-31,2030,10,31,4,Thursday,5,October,S2,T3,False
1632,2030-11-01,2030,11,1,5,Friday,1,November,S2,T3,False
1633,2030-11-02,2030,11,2,6,Saturday,1,November,S2,T3,True
1634,2030-11-03,2030,11,3,7,Sunday,1,November,S2,T3,True
1635,2030-11-04,2030,11,4,1,Monday,1,November,S2,T3,False
1636,2030-11-05,2030,11,5,2,Tuesday,1,November,S2,T3,False
1637,2030-11-06,2030,11,6,3,Wednesday,1,November,S2,T3,False
1638,2030-11-07,2030,11,7,4,Thursday,1,November,S2,T3,False
1639,2030-11-08,2030,11,8,5,Friday,2,November,S2,T3,False
1640,2030-11-09,2030,11,9,6,Saturday,2,November,S2,T3,True
1641,2030-11-10,2030,11,10,7,Sunday,2,November,S2,T3,True
1642,2030-11-11,2030,11,11,1,Monday,2,November,S2,T3,False
1643,2030-11-12,2030,11,12,2,Tuesday,2,November,S2,T3,False
1644,2030-11-13,2030,11,13,3,Wednesday,2,November,S2,T3,False
1645,2030-11-14,2030,11,14,4,Thursday,2,November,S2,T3,False
1646,2030-11-15,2030,11,15,5,Friday,3,November,S2,T3,False
1647,2030-11-16,2030,11,16,6,Saturday,3,November,S2,T3,True
1648,2030-11-17,2030,11,17,7,Sunday,3,November,S2,T3,True
1649,2030-11-18,2030,11,18,1,Monday,3,November,S2,T3,False
1650,2030-11-19,2030,11,19,2,Tuesday,3,November,S2,T3,False
1651,2030-11-20,2030,11,20,3,Wednesday,3,November,S2,T3,False
1652,2030-11-21,2030,11,21,4,Thursday,3,November,S2,T3,False
1653,2030-11-22,2030,11,22,5,Friday,4,November,S2,T3,False
1654,2030-11-23,2030,11,23,6,Saturday,4,November,S2,T3,True
1655,2030-11-24,2030,11,24,7,Sunday,4,November,S2,T3,True
1656,2030-11-25,2030,11,25,1,Monday,4,November,S2,T3,False
1657,2030-11-26,2030,11,26,2,Tuesday,4,November,S2,T3,False
1658,2030-11-27,2030,11,27,3,Wednesday,4,November,S2,T3,False
1659,2030-11-28,2030,11,28,4,Thursday,4,November,S2,T3,False
1660,2030-11-29,2030,11,29,5,Friday,5,November,S2,T3,False
1661,2030-11-30,2030,11,30,6,Saturday,5,November,S2,T3,True
1662,2030-12-01,2030,12,1,7,Sunday,1,December,S2,T3,True
1663,2030-12-02,2030,12,2,1,Monday,1,December,S2,T3,False
1664,2030-12-03,2030,12,3,2,Tuesday,1,December,S2,T3,False
1665,2030-12-04,2030,12,4,3,Wednesday,1,December,S2,T3,False
1666,2030-12-05,2030,12,5,4,Thursday,1,December,S2,T3,False
1667,2030-12-06,2030,12,6,5,Friday,1,December,S2,T3,False
1668,2030-12-07,2030,12,7,6,Saturday,1,December,S2,T3,True
1669,2030-12-08,2030,12,8,7,Sunday,2,December,S2,T3,True
1670,2030-12-09,2030,12,9,1,Monday,2,December,S2,T3,False
1671,2030-12-10,2030,12,10,2,Tuesday,2,December,S2,T3,False
1672,2030-12-11,2030,12,11,3,Wednesday,2,December,S2,T3,False
1673,2030-12-12,2030,12,12,4,Thursday,2,December,S2,T3,False
1674,2030-12-13,2030,12,13,5,Friday,2,December,S2,T3,False
1675,2030-12-14,2030,12,14,6,Saturday,2,December,S2,T3,True
1676,2030-12-15,2030,12,15,7,Sunday,3,December,S2,T3,True
1677,2030-12-16,2030,12,16,1,Monday,3,December,S2,T3,False
1678,2030-12-17,2030,12,17,2,Tuesday,3,December,S2,T3,False
1679,2030-12-18,2030,12,18,3,Wednesday,3,December,S2,T3,False
1680,2030-12-19,2030,12,19,4,Thursday,3,December,S2,T3,False
1681,2030-12-20,2030,12,20,5,Friday,3,December,S2,T3,False
1682,2030-12-21,2030,12,21,6,Saturday,3,December,S2,T3,True
1683,2030-12-22,2030,12,22,7,Sunday,4,December,S2,T3,True
1684,2030-12-23,2030,12,23,1,Monday,4,December,S2,T3,False
1685,2030-12-24,2030,12,24,2,Tuesday,4,December,S2,T3,False
1686,2030-12-25,2030,12,25,3,Wednesday,4,December,S2,T3,False
1687,2030-12-26,2030,12,26,4,Thursday,4,December,S2,T3,False
1688,2030-12-27,2030,12,27,5,Friday,4,December,S2,T3,False
1689,2030-12-28,2030,12,28,6,Saturday,4,December,S2,T3,True
1690,2030-12-29,2030,12,29,7,Sunday,5,December,S2,T3,True
1691,2030-12-30,2030,12,30,1,Monday,5,December,S2,T3,False
1692,2030-12-31,2030,12,31,2,Tuesday,5,December,S2,T3,False
